dir,pdb1,pdb2,seq1,seq2,aln1,aln2
d1a05a_d1dgsa3,1a05_Ai.pdb,1dgs_Ac.pdb,PPAKRPEQGLLRLRKGLDLYANLRPAQIFDVDILVVRELTGNMFGDILSDEASQLTGSIGMLPSASLGEGRAMYEPIHGS,FTYEEVLAFEERLEREAEAPSLYTVEHKVDFPVEHCYEKALGAEGVEEVYRRGLAQRHALPFEADGVVLKLDDLTLWGELGYTARAPRFALAYKFP,PPAKRPEQGLLRLRKGLD--LYANLRPAQIF--DVDILVVRELTGNMFGDILSDEASQLTGS----IGMLPSASLGE-----------GRAMYEPIHGS,-FTYEEVLAFEERLEREAEAPSLYTVEHKVDFPVEHCYEKAL--GAEGVEEVYRRGLAQRHALPFEADGVVLKLDDLTLWGELGYTARAPRFALAYKFP
d1a05a_d1j71a_,1a05_Ai.pdb,1j71_Ac.pdb,LYANLRPAQIFDVDILVVRELTGGNMFGDILSDEASQLTGSIGMLPSASLGEGRAMYEPIHGSA,SVELRVHLGSINFDGTSVSTNADVVLDSGTTITYFSQSTADKFARIVGATWDSRNEIYRLPSCDLSGDAVFNFDQGVKITVPLSELILKDSDSSICYFGISRNDANILGDNFLRRAYIVYDLDDKTISLAQVKYTSSSDISAL,-------LYANLRPAQIFDVDILVVRELTG---------------GNMFGDILSDEASQLTG--------SIGMLPSASLGEG-RAMYEPIHGSA--------------------------------------------------------,SVELRVHLGSINFD--------GTSVSTNADVVLDSGTTITYFSQSTADKFARIVGATWDSRNEIYRLPSCDLSGDAVFNFDQGVKITVPLSELILKDSDSSICYFGISRNDANILGDNFLRRAYIVYDLDDKTISLAQVKYTSSSDISAL
d1a05a_d1rblm_,1a05_Ai.pdb,1rbl_Mc.pdb,PPAKRPEQGLLRLRKGLDLYANLRPAQIFDVDILVVRELTGGNMFGDILSDEASQLTGSIGMLPSASLGEGRAMYEPIHGSA,SMKTLPKERRFETFSYLPPLSDRQIAAQIEYMIEQGFHPLIEFNEHSNPEEFYWTMWKLPLFACAAPQQVLDEVRECRSEYGDCYIRVAGFDNIKECQTSSFIVHRPGR,------------------PPAKRPEQGLLRLRKGLDLYANLRPAQIF-----DVDILV--VRELTG-GNMFGDILSDEASQLTGSIGMLPSASLGE--GRA-MYEPIHGSA-,SMKTLPKERRFETFSYLPPLSDRQIAAQIEYMIEQGF-HPLIEFNEHSNPEEFYWTMWKLPLFAC-AAPQQVLDEVRECRSEYGDC-YIRVAGFDNIKECQTSSFIVHRPGR
d1a2za_d1ghha_,1a2z_Ah.pdb,1ghh_Ac.pdb,YSNITVERATLPVRAITKTLRDNGIPATISYSAYPLKAGFIHVPYTPDQVVNKFFLLGKNTPSMCLEAEIKAIELAVKVSLDYLEKDRDDIKIPL,MRIEVTIAKTSPLPAGAIDALAGELSRRIQYAFPDNEGHVSVRYAAANNLSVIGATKEDKQRISEILQETWESADDWFVSE,YSNITVER------ATLPVRAITKTLRDNG--------IPATISYSAYPLKAGFIHVPYTPDQVVNKFFLLGKNTPSMCLEAEIKAIELAVKVSLDYLEKDRDDIKIPL,-MRIEVTIAKTSPLPAGAIDALAGELSRRIQYAFPDNEGHVSVRYAA----ANNLSVIG------------------ATKEDKQRISEILQETWESADDWFVSE-----
d1a2za_d1u9da_,1a2z_Ah.pdb,1u9d_Ac.pdb,SNITVERATLPVRAITKTLRDNGIPATISYSAYPLKAGFIHVPYTPDQVVNKFFLLGKNTPSMCLEAEIKAIELAVKVSLDYLEKDRDDIKIPLKPEIVINLGLAPTY,MPHLRFRAVEAHIVESLVPTLLNELSSLLSTARNAFTFELINTQYFAEGGVYPMVEVLWFGREQQTQDQIAQVITDQIRQLLGADSHLAVVFIPLQRTAYYLDGQHF,SNITVER-------ATLPVRAITKTLRDNGI----PATISYSA-------YPLKAGFIHVPYTPDQVVNKFFLLGKNTPSMCLEAEIKAIELAVKVSLDYLEKDRDDIKIPLKPEIVINLGLAPTY---------,-MPHLRFRAVEAHIVESLVPTLLNELSSLLSTARNAFTFELINTQYFAEGGVYPMVEVLWF------------------GREQQTQDQIAQVITDQIRQLLGA---------DSHLAVVFIPLQRTAYYLDGQHF
d1a7j__d1kafa_,1a7j__h.pdb,1kaf_Ac.pdb,DINFQRVPVVDTSNPFIARWIPTADESVVVIRFRNPRGIDFPYLTSMIHGSWMSRANSIVVPGNKLDLAMQLILTPL,MEITSDMEEDKDLMLKLLDKNGFVLKKVEIYRSNYLAILEKRTNGIRNFEINNNGNMRIFGYKMMEHHIQKFTDIGMSCKIAKNGNVYLDIKRSAENIEAVITVASEL,--------------------------------------------DI-NFQRVPVVDTSNPFIARWIPTADESVVVIRFRNPRGIDFPYLTSMIHGSWMSRA-----NSIVVPGN--KLDLAMQLILTPL,MEITSDMEEDKDLMLKLLDKNGFVLKKVEIYRSNYLAILEKRTNGIRNFEINNN-----------------GNMRIFGYKMMEHHIQKFTDI--GMSC-KIAKNGNVYLDIKRSAENIEAVITVASEL-
d1a7j__d2if1__,1a7j__h.pdb,2if1__c.pdb,DINFQRVPVVDTSNPFIARWIPTADESVVVIRFRNPRGIDFPYLTSMIHGSWMSRANSIVVPGNKLDLAMQLILTPL,MRGSHHHHHHTDPMSAIQNLHSFDPFADASKGDDLLPAGTEDYIHIRIQQRNGRKTLTTVQGIADDYDKKKLVKAFKKKFACNGTVIEHPEYGEVIQLQGDQRKNICQFLVEIGLAKDDQLKVHGF,------------------------------------------DINFQRVPVVDTSNPFIARWIPTADESVVVIRFRNPRGIDFPYLTSMIH-----GSWMSRA----NSIVVPGNKLDLAMQLILTPL------------,MRGSHHHHHHTDPMSAIQNLHSFDPFADASKGDDLLPAGTEDYIHIRIQQRNG-------------RKTLTTVQG-IADDYDKKKLVKAFKKKFACNGTVIEHPEYGEVIQLQGDQRKNICQFLVEIGLAKDDQLKVHGF
d1aa7a_d1b68a_,1aa7_Ai.pdb,1b68_Ac.pdb,ILSPLTKGILGFVFTLTVPSERGLQRRRFVQNALNGNGSAGALASCMGLIYNRMGAVTTEVAFGLVCATCEQIADSQ,GQRWELALGRFWDYLRWVQTLSEQVQEELLSSQVTQELRALMDETMKELKAYKSELEEQLTAEETRARLSKELQAAQARLGADMEDVRGRLVQYRGEVQAMLGQSTEELRVRLASHLRKLRKRLLRDADDLQKRLAVY,---ILSPLTKGILGFVFTLTVPSER-----GLQRRRFVQNALNGNG--------------------------------SAGALASCMGLIYNRMG---------------AVTTEVAFGLVCATCEQIADSQ------,GQRWELALGRFWDYLRWVQTLSEQVQEELLSSQVTQELRALMDETMKELKAYKSELEEQLTAEETRARLSKELQAAQARLGADMEDVRGRLVQYRGEVQAMLGQSTEELRVRLASHLRKLRKRLLRDADDLQKRLAVY
d1aa7a_d1qkra_,1aa7_Ai.pdb,1qkr_Ah.pdb,MSLLTEVETYVLSIIPILSPLTKGILGFVFTLTVPSERGLQRRRFVQNALNGNGSAGALASCMGLIYNRMGAVTTEVAFGLVCATCEQIADSQ,KDEEFPEQKAGEAINQPMMMAARQLHDEARKWSSKGNDIIAAAKRMALLMAEMSRLVRGGSGNKRALIQCAKDIAKASDEVTRLAKEVAKQCTDKRIRTNLLQVCERIPTISTQLKILSTVKATMLGRTNISDEESEQATEMLVHNAQNLMQSVKETVREAEAASIKIRTDAGFTLRWVRK,------------------MSLLTEVETYVLSIIPILSPLTKGILGFVFTLTVP--------------SERGLQRRRFVQNALNGNG-------------SAGALASCMGLIYNRMGA---------------------------VTTEVAFGLVCATCEQIADSQ----------------,KDEEFPEQKAGEAINQPMMMAARQLHDEARKWSSKGNDIIAAAKRMALLMAEMSRLVRGGSGNKRALIQCAKDIAKASDEVTRLAKEVAKQCTDKRIRTNLLQVCERIPTISTQLKILSTVKATMLGRTNISDEESEQATEMLVHNAQNLMQSVKETVREAEAASIKIRTDAGFTLRWVRK
d1ac5__d1jroa3,1ac5__h.pdb,1jro_Ac.pdb,SDDAVSFDWIHKSKSTDDSEEFSGYVKYDRNLTFVSVYNASHMVPFDKSLVSRGIVDIYSNDVMIIDNNGKNVMITT,PGLRCYKLSKRFDQDISAVCGCLNLTLKGSKIETARIAFGGMAGVPKRAAAFEAALIGQDFREDTIAAALPLLAQDFTPLSDMRASAAYRMNAAQAMALRYVRELSGEAVAVLEVMP,SDDAVSFDWIHKSKSTDDSEEFSGYVKYDR---------NLTFVSVYNASH-----------------------------------MVPFDKSLVSRGIVDIYSNDVMIIDNNGKNVMITT-,-PGLRCYKLSKRF----DQDISAVCGCLNLTLKGSKIETARIAFGGMAGVPKRAAAFEAALIGQDFREDTIAAALPLLAQDFTPLSDMRASAAYRMNAAQAMALRYVRELSGEAVAVLEVMP
d1ac5__d1vk0a_,1ac5__h.pdb,1vk0_Ah.pdb,IEIVLFNGDKDLICNNKGVLDTIDNLKWGGIKGFSDDAVSFDWIHKSKSTDDSEEFSGYVKYDRNLTFVSVYNA,SASFDGPKFKMTDGSYVQTKTIDVGSSTDISPYLSLIREDSILNGNRAVIFDVYWDVGFTKTSGWSLSSVKLSTRNLCLFLRLPKPFHDNLKDLYRFFASKFVTFVGVQIEEDLDLLRENHGLVIRNAINVGKLAAEARGTLVLEFLGTRELAHRVLWSDLGQLDSIEAKWEKAGPEEQLEAAAIEGWLIVNVWDQLSDE,---------------IEIVLFNGDKDLICNNKGVLDTIDNLKWGGIKGFSDDAVSFDWIHKSKST--DDSEEFSGYVKYDRNLTFVSVYNA-------------------------------------------------------------------------------------------------------------------,SASFDGPKFKMTDGSYVQTKTIDVGSS-TDISPYLSLIREDSIL---NGNRAVIFDVYWDVGF--TKTSGWSLSSVKLSTRNLCLFLRLPKPFHDNLKDLYRFFASKFVTFVGVQIEEDLDLLRENHGLVIRNAINVGKLAAEARGTLVLEFLGTRELAHRVLWSDLGQLDSIEAKWEKAGPEEQLEAAAIEGWLIVNVWDQLSDE
d1adja2d1drw_2,1adj_Ah.pdb,1drw__c.pdb,SENPILDAEAVVLLYECLKELGLRRLKVKLSSVGLGEEARAHLKEVERHLERLSVPYELEPALVRGLDYYVRTAFEVHHEEIGAQSALGGGGRYD,VGVNVMLKLLEKAAKVMGDYTDIEIIEAHHRHKVDAPSGTALAMGEAIAHALDKDLKDCAVYSREGHTGERVPGTIGFATVRAGDIVGEHTAMFADIGERLEITHKASSR,SENPILDAEAVVLLYECLKELGLRRLKVKLSSVG----LGEEARAHLKEVERHLERLS---------------------VPYELEPALVRGLDYYVRTAFEVHHEEIGAQSALGGGGRYD---,-VGVNVMLKLLEKAAKVMGD----YTDIEIIEAHHRHK-VDAPSGTALAMGEAIAHALDKDLKDCAVYSREGHTGERVPGTIGFA-TVRAGDI-VGEHTAMFADI-----GERLEITHKASSR
d1aora2d1dkza2,1aor_Ai.pdb,1dkz_Ac.pdb,SPENKLIIAAGPLTGTSAPTGGRYNVVTKSPLTGFITMANSGGYSEKVKIASIGPAGENLVKFAAIMNDGHRAAGRGG,VLLLDVTPLSLGIETMGGVMTTLIAKNTTIPTKHSQVFSTAEDNQSAVSIHVLQGERKRAADNKSLGQFNLDGINPAPRGMPQIEVTFDIDADGILHVSAKDKNSGKEQKITIKASSG,-----SPENKLIIAAGP----------------------LTGTSAPTGGRYNVVTKSPL-TGFITM-ANSGGY-------SEKVKIASIGPAGENLVKFAAIMND-----GHRAAGRGG---,VLLLDVTPLSLGIETMGGVMTTLIAKNTTIPTKHSQVFSTAEDNQSA-VSIHVLQGERKRAADNKSLGQFNLDGINPAPRGMPQIEVTFDI---DADGILHVSAKDKNSGKEQKITIKASSG
d1axn__d1nkta3,1axn__i.pdb,1nkt_Ah.pdb,LSGHFEHLMVALVTPPAVFDAKQLKKSMKGAGTNDEFTLNRIMVSRSEID,ILSKLLRLGEGRMVKRLKKVADYVGTLSDDVEKLTDAELRAKTDEFKRRLADQKNPETLDDLLPEAFAVAREAAWRVLDQRP,--------------------LSGHFEHLMVALVTPPAVFDAKQLKKSMKGAGTN--------DEFTLNRIMVSRSEID----,ILSKLLRLGEGRMVKRLKKVADYVGTLSDDVEKLTDAELRAKTDEFKRRLADQKNPETLDDLLPEAFAVAREAAWRVLDQRP
d1axn__d1sf9a_,1axn__i.pdb,1sf9_Ac.pdb,LSGHFEHLMVALVTPPAVFDAKQLKKSMKGAGTNDEFTLNRIMVSRSEID,VDLGTENLYFQSNAMEKRYSQMTPHELNTEIALLSEKARKAEQHGIINELAVLERKITMAKAYLLNPEDY,--------LSGHFEHLMVALVTPPAVFDAKQLKKSMKGAGTN-----------DEFTLNRIMVSRSEID-,VDLGTENLYFQSNAMEKRYSQMTPHELNTEIALLSEKARKAEQHGIINELAVLERKITMAKAYLLNPEDY
d1b05a_d1lc0a2,1b05_Ah.pdb,1lc0_Ac.pdb,LADKQTLVRNNGSEVQIEGVPESNVSRDLFEGNGAYKLKNWVVNERIVLERNVINQVTYLPIS,MEEFEFLRREVLGKELLKGSLRFTASPLEEERFGFPAFSGISRLTWLVSLFGELSLISATLEERKEDQYMKMTVQLETQNKGLLSWIEEKGPGLKRNRYVNFQFTSGSLEEVPSVGVN,------------LADKQTLVRNNGSEVQ-------IEGVPESNVSRDLFEG-NGAYKLKNWVVN---------ERIVLERNVINQVTYLPIS----------------------------,MEEFEFLRREVLGKELLKGSLRFTASPLEEERFGFPAFSGISRLTWLVSLFG--ELSLISATLEERKEDQYMKMTVQLETQNKGLLSWIEEKGPGLKRNRYVNFQFTSGSLEEVPSVGVN
d1b05a_d1nkia_,1b05_Ah.pdb,1nki_Ac.pdb,LADKQTLVRNNGSEVQIEGVPESNVSRDLFEGNGAYKLKNWVVNERIVLERNVINQVTYLPIS,MLTGLNHLTLAVADLPASIAFYRDLLGFRLEARWDQGAYLELGSLWLCLSREPQYGG,-LADKQTLVRNNGSEVQIEGVPESNVSRDLFEGNGAYKLKNWVVNERIVLERNVINQVTYLPIS----,MLTGLNHLTLAVA-------DLPASIAFYRDL--LGFRLEARWD-QGAYLELGSL-WLCLSREPQYGG
d1b0pa2d1k0da2,1b0p_Ah.pdb,1k0d_Ac.pdb,YVYVATVSMGYSKQQFLKVLKEAESFPGPSLVIAYATCINQGLRKYWPLFRYDPRLAAQGKNPFQLDSKAP,QPLEGYTLFSHRSAPNGFKVAIVLSELGFHYNTIFLDFNLGEHRAPEFVSVNPNARVPALIDHGMDNLSIWESGAILLHLVNKYYKETGNPL,---YVYVATVSMGYSKQQFLKVLKEAESFPGPSLVIAYATCINQGLRK--------YWPLFRYDPRLAAQGKNPFQLDSKAP----------------,QPLEGYTLFSHRS--APNGFKVAIVLSELGFHYNTIFLDFNLGEHRAPEFVSVNPNARVPALIDHGMD----NLSIWESGAILLHLVNKYYKETGNPL
d1b3qa2d1bia_2,1b3q_Ai.pdb,1bia__c.pdb,TLAIICALLVKVNNLVYAIPIANIDTILSISKELEEMEAVIVRVGNRKYGIVVDDLLGQDDIVIKSL,FINRPVKLIIGDKEIFGISRGIDKQGALLLEQDGIIKPWMGGEISLR,TLAIICALLVKVNNLVYAIPIANIDTILSISKELEEMEAVIVRVGNRKYGIVV--DDLLGQDDIVIKSL,--FINRPVKLIIGDKEIFGI-----SRGIDK---QGALLLEQD----GIIKPWMGGEISLR--------
d1b62a2d1i6pa_,1b62_Ah.pdb,1i6p_Ac.pdb,ATRIDIDIERGGRTEKTEFNHIDEIIRRIALARFDVTINLSHNGKIVRQYRAVPEGGQKERRLGAIC,VEHIIICGHYGCGGVQAAVENPELGLINNWLLHIRDIWFKHSSLLGEMPQERRLDTLCELNVMEQVYNLGHSTIMQSAWKRGQKVTIHGWAYGIHDGLLRDLDVTATNRETLEQRYRHGISNLKLK,ATRIDIDIERGG----------------------------------------RTEKTEFNHIDEIIRRIALAR---------FDVTINLSHN------GKIV-RQYRAVPEGGQKERRLGAIC---------,VEHIIICGHYGCGGVQAAVENPELGLINNWLLHIRDIWFKHSSLLGEMPQERRLDTLCELNVMEQVYNLGHSTIMQSAWKRGQKVTIHGWAYGIHDGLLRDLDVTAT------NRETLEQRYRHGISNLKLK
d1b6ra1d1k8kd1,1b6r_Ai.pdb,1k8k_Dc.pdb,PLTHNLHQDGILRTSVAFPNPSVMINLIGRKVGHLNLTDSDTSRLTATLEALIPLLPPEYASGVIWAQSKFG,NKPEAVEVTFADFDGVLYHISNPNGDKTKVMVSISLKFYKELQAHGADELLKRVYGSYLVNPESGYNVSLLYDLENLPASKDSIVHQAGMLKRNCMILLEVNNRIIEETLALKFENAAAG,--PLTHNLHQD-----GILRTSVAFP-NPSVMINLIG----------------------------RKVGHLNLTDSD-TSRLTATLEALIPLL-------PPEYASGVIWAQSKFG-----,NKPEAVEVTFADFDGVLYH-ISNPNGDKTKVMVSISLKFYKELQAHGADELLKRVYGSYLVNPESGYNVSLLYDLENLPASKDSIVHQAGMLKRNCMILLEVNNRIIEETLALKFENAAAG
d1b6ra1d1v97a4,1b6r_Ai.pdb,1v97_Ac.pdb,PLTHNLHQDGILRTSVAFPNPSVMINLIGRKVGHLNLTDSDTSRLTATLEALIPLLPPEYASGVIWAQSKFG,DEFFSAFKQASRREDDIAKVTCGMRVLFQPGSMQVKELALCYGGMADRTISALKTTQKQLSKFWNEKLLQDVCAGLAEELSLSPDAPGGMIEFRRTLTLSFFFKFYLTVLKKLG,-PLTHNLHQD-------GILRTSVAFP---------NPSVMINLIGRKVGHLNLTDS------------DTSRLTATLEALIPLL-------PPEYASGVIWAQSKFG--------,DEFFSAFKQASRREDDIAKVTCGMRVLFQPGSMQVKELALCYGGM--ADRTISALKTTQKQLSKFWNEKLLQDVCAGLAEELSLSPDAPGGMIEFRRTLTLSFFFKFYLTVLKKLG
d1ce8a6d1di2a_,1ce8_Ah.pdb,1di2_Ac.pdb,HTGDSITVAPAQTIDYVVTKIPRFNFEKFAGANDRLTTQMKSVGEVMAIGRTQQESLQKALRGL,MPVGSLQELAVQKGWRLPEYTVAQESGPPHKREFTITCRVETFVETGSGTSKQVAKRVAAEKLLTKFKT,--------------HTGDSITVAPAQT---IDYVVTKIPRFNFEKFAGANDRLTTQMKSVGEVMAIGRTQQESLQKALRGL------,MPVGSLQELAVQKGWRLPEYTVAQESGPPHKREFTITCRVE------------------TFVETGSGTSKQVAKRVAAEKLLTKFKT
d1chma1d1g62a_,1chm_Ah.pdb,1g62_Ac.pdb,FGRPYALVVTEDDVISISANIDGGQPWRRTVGTDNIVYTDWQRDNYFAAIQQALPKA,EIGVFSKLTNTYCLVAVGGSENFYSAFEAELGDAIPIVHTTIAGTRIIGRMTAGNRRGLLVPTQTTDQELQHLRNSLPDSVKIQRVEER,-FGRPYALVVTEDDVISISANIDGGQPWRRTV-----GTDNIVYTDW---------------------QRDNYFAAIQQALPKA---------,EIGVFSKLTN----TYCLVAVGGSENFYSAFEAELGDAIPIVHTTIAGTRIIGRMTAGNRRGLLVPTQTTDQELQHLRNSLPDSVKIQRVEER
d1cs1a_d1q8ia1,1cs1_Ah.pdb,1q8i_Ac.pdb,AGAVLTNTGMSAIHLVTTVFLDLVLHSCTKYLNGHSDVVAGVVIAKDPDVVTELAWWANNIGVTG,QESVAFIPADQVPRAQHILQGEQGFRLTPLALKDFHRQPVYGLYCRAHRQLMNYEKRLREGGVTVYEADVR,-AGAVLTNTGMSAIHLVTTVFL--DLVLHSCTKYLNGHSDVVAGVVIAKDPDVVTELAWWANNIGVTG------,QESVAFIP-ADQVPRAQHILQGEQGFRLTPLALKD--FHRQPVYGLYCRAHRQLMNYEKRLREGGVTVYEADVR
d1d7ba_d1svb_2,1d7b_Ah.pdb,1svb__c.pdb,GAQSTEFIGEVVAPIASKWIGIALGGAMNNDLLLVAWANGNQIVSSTRWATGYVQPTAYTGTATLTTLPETTINSTHWKWVFRCQGCTEWN,SRCTHLENRDFVTGTQGTTRVTLVLELGGCVTITAEGKPSMDVWLDAIYQENPAKTREYCLHAKLSDTKVAARCPTMGPATLAEEHQGGTVCKRDQSDRGWGNHCGLFGKGSIVACVKAACEAKKKATGHVYDANKIVYTVKVEPHTGDYVAANETHSGRKTASFTISSEKTILTMGEYGDVSLLCRVASGVDLAQTVILELDKTVEHLPTAWQVHRDWFNDLALPWKHEGAQNWNNAERLVEFGAPHAVKMDVYNLGDQTGVLLKALAGVPVAHIEGTKYHLKSGHVTCEVGLEKLKMKGL,------------GAQSTEFIGEVVAPIASKWIGIALGGAMNNDLLLVAWANG-------------------------------------------------------------------------------------------NQIVSSTRWATGYV-------------------QPTAYTGTATLTTLPETTINS-----------------------------------------------------------------------------------------------THWKWVFRCQGCTEWN-,SRCTHLENRDFVTGTQGTTRVTLVLELGG-CVTITAE----GKPSMDVWLDAIYQENPAKTREYCLHAKLSDTKVAARCPTMGPATLAEEHQGGTVCKRDQSDRGWGNHCGLFGKGSIVACVKAACEAKKKATGHVYDANKIVYTVKVEPHTGDYVAANETHSGRKTASFTISSEKTILTMGEYGDVSLL--CRVASGVDLAQTVILELDKTVEHLPTAWQVHRDWFNDLALPWKHEGAQNWNNAERLVEFGAPHAVKMDVYNLGDQTGVLLKALAGVPVAHIEGTKYHLKSGHVTCEVGLEKLKMKGL
d1dc1a_d1nf2a_,1dc1_Ah.pdb,1nf2_Ac.pdb,GALAQQKLTRAIISALDIANIPYKWLDSRDKKYTNWMDKPEDDYELETFAKGISWTINGKHRTLMYNITVSL,EKIPPEVAKDIIEYIKPLNVHWQAYIDDVLYSEKDNEEIKSYARHSNVDYRVEPNLSELVSKMGTTKLLLIDTPERLDELKEILSERFKDVVKVFKSFPTYLEIVPKNV,GALAQQKLTRAIISALDIANIPYKWLDSRDKKYTNWMDK-------------------PEDDYELE--TFAKGISWTIN-------------------------GKHRTLMYNITVSL,-EKIPPEVAKDIIEYIKPLNVHWQAYID-----DVLYSEKDNEEIKSYARHSNVDYRVEPNLSELVSKMGTTKLLLIDTPERLDELKEILSERFKDVVKVFKSFPTYLEIVPKNV---
d1dc1a_d1rblm_,1dc1_Ah.pdb,1rbl_Mc.pdb,GALAQQKLTRAIISALDIANIPYKWLDSRDKKYTNWMDKPEDDYELETFAKGISWTINGKHRTLMYNITVSL,SMKTLPKERRFETFSYLPPLSDRQIAAQIEYMIEQGFHPLIEFNEHSNPEEFYWTMWKLPLFACAAPQQVLDEVRECRSEYGDCYIRVAGFDNIKECQTSSFIVHRPGR,----------------GALAQQKLTRAIISALDIANIPYKWLDSRD----KKYTNWM--DKPED-----DYELETFA--------KGISWTIN--GKH-RTLMYNITVSL,SMKTLPKERRFETFSYLPPLSDRQIAAQIEYMIEQGFHPLIEFNEHSNPEEFYWTMWKLPLFACAAPQQVLDEVRECRSEYGDCYIRVAGFDNIKECQTSSFIVHRPGR-
d1dmza_d1hdha_,1dmz_Ah.pdb,1hdh_Ac.pdb,QGVNPFFIGRDNRLSRVHCFIFKKRHAVGKSMYESPAQGLDDIWYCHTGTQGTKFLLQDGLGMLQEQRVVLKQTAEEKDLVKKL,ETEAAHDENTVTGWELFGMRAIRQGDWKAVYLPAPVGPATWQLYDLARDPGEIHDLADSQPGKLAELIEHWKRYVSETGVV,------QGVNPFFIGRDNRLSRVHCFIFKKRHAVGKSMYESPAQGLDDIWYCHTGT------QGTKFLLQDGLGMLQEQRVVLK-----QTAEEKDLVKKL-------,ETEAAHDENTVTGWEL-FGM---RAIRQG-------------------DWKAVYLPAPVGPATWQLYDLA----RDPGEIHDLADSQPGKLAELIEHWKRYVSETGVV
d1ds1a_d1tig__,1ds1_Ah.pdb,1tig__c.pdb,TSVDCTAPGALATALDTFNAEGSEDGHLLLRGLPVEADADLPTTPSSTPAPEDRSLLTMEAMLGLVGRRLQPNYVMLACSRADHEPGDLLIVDNF,INVKEVRLSPTIEEHDFNTKLRNARKFLEKGDKVKATIRFKGRAITHKEIGQRVLDRLSEACADIAVVETAPKMDGRNMFLVLAPKND,---TSVDCTA------PGALATALDTFNAEGSEDGHLLLRGLPVEADADLPTTPSSTPAPEDRSLLTMEAMLGLVGRRL-QPNYVM-LA-CSRADHEPGDLLIVDNF-,INVKEVRLSPTIEEHDFNTKLRNARKFLEKG---DKVKATIRFKGR--------------AITHKEIGQRVLDRLSEACA-DIAVVETAPKMDG--RNMFLVLAPKND
d1dzka_d1qd1b2,1dzk_Ah.pdb,1qd1_Bc.pdb,FELSGKWITSYIGSSDTALIISNINVDEEGDKTIMTGLLGKGTDIEDQDLEKFKEVTRENGIPEENIVNIIERDDCPA,FLLAFNINLLSTREQAHRIALDLREQGRGKDQPGRLKKVQAIGWYLDEKNLAQVSTNLLDFEVTGLHTVFEETCREAQELSLPVVGSQLVGLVPLKALLDAAAFYCEKENLFLLQDEHRIRLVVNRLGLDSLAPFKPKERIIEYLV,FELSGKWITSYIGSSD---------------------------TALIISNINVDEEGDKTIMTGLLGKGTDI--EDQDLEKFKEVTRENGIPEENIVNIIERDDCPA------------------------------------------------,-----FLLA-FNINLLSTREQAHRIALDLREQGRGKDQPGRLKKVQAIGWYLDE---KNLAQVSTNLLDFEVTGLHTVFEETCREAQELSLPVVGSQLVGLVPLKALLDAAAFYCEKENLFLLQDEHRIRLVVNRLGLDSLAPFKPKERIIEYLV
d1dzta_d1kpf__,1dzt_Ah.pdb,1kpf__c.pdb,MMIVIKTAIPDVLILEPKVFGDERGFFFESYNQQTFEELIGRKVTFGENAQGKLVRCAVENKRQLWIPE,DTIFGKIIRKEIPAKIIFEDDRCLAFHDISPQAPTHFLVIPKKHISQISVAEDDDESLLGHLMIVGKKCAADLGLNKGYRMVVNEGSDGGQSVYHVHLHVLGGRQMHWPPG,---------------------MMIVIKTAIP---DVLILEPKVFGDE------RGFFFESYNQQTFEELIGRKVTFGENAQGKLVRCAV-------ENKRQLWIPE--------,DTIFGKIIRKEIPAKIIFEDDRCLAFHDISPQAPTHFLVIPKKHISQISVAEDDDESLLGHLMIVGKKCAADLG---LNKGYRMVVNEGSDGGQSVYHVHLHVLGGRQMHWPPG
d1e3pa3d1gpqa_,1e3p_Ah.pdb,1gpq_Ac.pdb,NETHYAEAVIDNGAFGTRTIRFETGRLARQAAGSAVAYLDDDTMVLSATTASKNPNEIQVVATIMALNPDHLYDVVAINAASASTQLAGLP,DDLTISSLAKGETTKAAFNQMVQGHKLPAWVMKGGTYTPAQTVTLGDETYQVMSACKPHDCGSQRIAVMWSEKSNQMTGLFSTIDEKTSQEKLTWLNVNDALSIDGKTVLFAALTGSLENHPDGFNF,-----------------------------------NETHYAEAVIDNGAFGTRTIRFETGRLA--RQAAGSAVAYLD-DDTMVLSATTASKNPNEIQVVATIMALNPDHLYDVVAINAASASTQLAGLP------,DDLTISSLAKGETTKAAFNQMVQGHKLPAWVMKGGTYTPAQTVTLG-----DETYQVMSACKPHDCGSQRIAVMWSEKSNQMTGLFSTIDEKTSQEKLTWLNV---NDALSIDGKTVLFAALTGSLENHPDGFNF
d1e3pa3d1tis__,1e3p_Ah.pdb,1tis__c.pdb,NETHYAEAVIDNGAFGTRTIRFETGRLARQAAGSAVAYLDDDNPDHLYDVVAINAASASTQLAGLPTEEVVAAGLDAAKPFIKVLCKAQADLAAKAAKP,NDRRQIVSAWNPAELKYMALPPCHMFYQFNVRNGYLDLQWYQRSVDVFLGLPFNIASYATLVHIVAKMCNLLGPIYGKQWRDFGGVDQIIEVIDRIKKLP,NETHY-AEAVIDNGA--------FGTRTIRFETGRLARQAAGSAVAYLDDD------NPDHLYDVVAINAASASTQLAGLPTEEVVAAGLDAAKPFI--KVLCKAQADLAAKAAKP,--NDRRQIVSAWNPAELKYMALPPCHMFYQFNVRN------GYLDLQWYQRSVDVFLGLPFNIASYATLVHIVAKMCNL-----LGPIYGKQWRDFGGVDQIIEVIDRIKKLP---
d1ecfa2d1unnc_,1ecf_Ah.pdb,1unn_Cc.pdb,CGIVGIAGVMPVNQSIYDALTVLQHRGQDAAGIITIDANNCFRLRKANGLVSDVFEARHMQRLQGNMGIGHVRYP,HHVGVERTMAEDIHHWSECEAIIERLYPELERRLAKVKPDLLIARQGVKLKFDDFQQTTQEHVWPRLNKADLIATARKTWDERRGGRGVRLVGLHVTLLDPQMERQLVLGL,-CGIVGIAGVM-----PVNQSIYDALTVLQHRG---------QDAAGIITIDANNCFRLRKANG---LVSDVF--EARHMQRLQ----GNMGIGHVRYP------------,HHVGVERTMAEDIHHWSECEAIIERLYPELERRLAKVKPDLLIARQGVKLKFDDFQQTTQEHVWPRLNKADLIATARKTWDERRGGRGVRLVGLHVTLLDPQMERQLVLGL
d1efdn_d1d1ra_,1efd_Nh.pdb,1d1r_Ac.pdb,ARPLLLTTLIDPRHMLVFGPNSLFQEILDEYGIPNAWQGETNFWGSTAVSIDRLAAYKDVDVLCFDHD,KGDGVVRIQRQTSGRKGKGVCLITGVDLDDAELTKLAAELKKKCGCGGAVKDGVIEIQGDKRDLLKSLLEAKGMKVKLAGGLE,-ARPLLLTTLIDP-----RHMLVFGPNSLFQEILDEYGIPNA--WQGETNFWGSTAVSIDRLAAY------KDVDVLCFDHD-,KGDGVVRIQRQTSGRKGKGVCLITGVDLDDAELTKLAAELKKKCGCGGAVKDGVIEIQGDKRDLLKSLLEAKGMKVKLAGGLE
d1efdn_d1r0va3,1efd_Nh.pdb,1r0v_Ac.pdb,ARPLLLTTLIDPRHMLVFGPNSLFQEILDEYGIPNAWQGETNFWGSTAVSIDRLAAYKDVDVLCFDHD,GEQKEELPEIAGVLSDEYVITKQTEIFSRYFYGSEKGDLVTLSLIESLYLLDLGKLNLLNADREELVKRAREVER,-----ARPLLLTTLIDPRHMLVFGPNSLFQEILDEYGIPNAWQGETNFWGSTAVSIDRLAAYKD-VDVLCFDHD-------------,GEQKEELPEIAGVLSD-EYVITKQTEIFSRY-----------FYGSEKGDLVTLSLIESLYLLDLGKLNLLNADREELVKRAREVER
d1eg3a1d1paqa_,1eg3_Ai.pdb,1paq_Ac.pdb,LDLLSLSAACDALDQHNLKQNDQPRVLSFKTGIISLCKAHLEDKYRYLFKQVASSTGFCDQRRLGLLLHDSIQIPRQLGE,DFEKEGIATVERAMENNHDLDTALLELNTLRMSMNVTYHEVRIATITALLRRVYHFIATQTLGPKDAVVKVFNQWGLLFKRQAFDEEEYIDLMNIIMEKIVEQSFDKPDLILFSALVSLYDNDIIEEDVIYKWWDNVSTDPRYDEVKKLTVKWVEWLQNAD,--------------LDLLSLSAACDALDQHNL---KQNDQPRVLSFKTGIISLCK----------------AHLEDKYRYLFKQVASSTGFCDQRRLGLLLHDSIQIPRQLGE--------------------------------------------------------,DFEKEGIATVERAMENNHDLDTALLELNTLRMSMNVTYH--EVRIATITALLRRVYHFIATQTLGPKDAVVKVFNQWGLLFKRQAF------DEEEYIDLMNIIMEKIVEQSFDKPDLILFSALVSLYDNDIIEEDVIYKWWDNVSTDPRYDEVKKLTVKWVEWLQNAD
d1ert__d1jr3d2,1ert__h.pdb,1jr3_Dc.pdb,MVKQIESKTAFQEALDAAGDKLVVVDFSATWCGPCKMIKPFFHSLSEKYSNVIFLEVDVDD,LRAAYLLLGNDPLLLQESQDAVRQVAAAQGFEEHHTFSIDPNTDWNAIFSLCQAMSLFASRQTLLLLLPENGPNAAINEQLLTLTGLLHDDLLLIVRGNKL,--MVKQIE------SKTAFQEALDAAG--------------------------------DKLVVVDFSAT--WCGPCKMIKPFFHSLSEKYSNVIFLEVDVDD,LRAAYLLLGNDPLLLQESQDAVRQVAAAQGFEEHHTFSIDPNTDWNAIFSLCQAMSLFASRQTLLLLLPENGPNAAINEQLLTLTGLL--HDDLLLIVRGNKL
d1fbxa_d1o08a_,1fbx_Ah.pdb,1o08_Ac.pdb,PSLSKEAALVHEALVARGLETPIFSGLDYANFPKITGLSKINRIVQFFAQRPQVQERLTQQILIALQTLLGTN,TDTAEYHFRAWKALAEEIGINGVDRQFNEQLKGVSREDSLQKILDLADKKVSAEEFKELAKRKNDNYVKMIQDVSPADV,-PSLSKEAALVHEALVARGLETPIFSGLDYANFPKITGLSKINRIVQFFAQRP------QVQERLTQQILIALQTLLGTN--------,TDTAEYHFRAWKALAEEIGING--VDRQFNEQLKG-------VSREDSLQKILDLADKKVSAEEFKELAKRKNDNYVKMIQDVSPADV
d1fy2a_d1qmha1,1fy2_Ah.pdb,1qmh_Ac.pdb,MELLLLSNSTLPGKAWLEHALPLIANQLNGRALYIGWSEGNWIQVSNGQAVLGGPN,ERGNIVQMRGEVLLAGVPRHVAEREIATLAGSFSLHEQNIHNLPRDQGPGNTVSLEVESENITERFFVVGEKRVSAEVVAAQLVKEVKRYLASTA,------MELLLLSNSTLPGKAWLEHALPLIANQLNGRALYIGWS--------EGNWIQVSN----GQAVLGGPN------------------------,ERGNIVQMRGEVLLAGVPRHVAEREIATLAGSFS---LHEQNIHNLPRDQGPGNTVSLEVESENITERFFVVGEKRVSAEVVAAQLVKEVKRYLASTA
d1g99a1d1gqyb3,1g99_Ah.pdb,1gqy_Bc.pdb,SSLKYQLIDMTNESALAVGLCERIGIDNSIITQKKFDGKKLEKLTDLPTHKDALEEVVKALTDDEFGVIK,RQVITYGFSEQADYRIEDYEQTGFQGHYTVICPNNERINVLLNVPGKHNALNATAALAVAKEEGIANEAILEALADFQ,SSLKYQLIDMTNESALAVGL-CERIGIDNSIITQKKFDGKKLEKLTDLPTHKDALEEVVKALTDDEFGVIK-----------,---RQVITYGFSEQADYRIEDYE-QTGFQGHYTVICPNNERINVLLNVPGKHNALNATAALAVAKEEGIANEAILEALADFQ
d1g99a1d1izna_,1g99_Ah.pdb,1izn_Ac.pdb,MKVLVINAGSSSLKYQLIDMTNESALAVGLCERIGIDNSIITQKKFDGKKLEKLTDLPTHKDALEEVVKALTDDEFGVIK,LKQWRDACDSALRAYVKDHYPNGFCTVYGKSIDGQQTIIACIESHQFQPKNFWNGRWRSEWKFTITPPTAQVAAVLKIQVHYYEDGNVQLVSHKDIQDSVQVSSDVQTAKEFIKIIENAENEYQTAISENYQTMSDTTFKALRRQLPVTRTKIDWNKILSYKIGK,---------------------MKVLVINAGS----SSLKYQLIDMT--------NESALAVGLCERIGIDNSIITQKKF--------------DGKKLEKLTDLPTHKDALEEVVKALTDDEFGVIK----------------------------------------,LKQWRDACDSALRAYVKDHYPNGFCTVYGKSIDGQQTIIACIESHQFQPKNFWNGRWR-SEWKFT-ITPPTAQVAAVLKIQVHYYEDGNVQLVSHKDIQDSVQVSSDVQTAKEFIKIIENAENEYQTAISENYQTMSDTTFKALRRQLPVTRTKIDWNKILSYKIGK
d1gc5a_d1omha_,1gc5_Ah.pdb,1omh_Ac.pdb,IERIHFHTYGYYLALTQYRGEEVRDALLFASLAAAAKAMKGNLEGLIDMVDRQLAFVPTKIVASPKSTVGIGDTISSSAFVSEFGMRKR,LSHMVLTRQDIGRAASYYGDASEWQGKGAEELGLSGEVDSKRFRELLAGNIGEGHRIMRSATRQDSKERIGLDLTFSAPKSVSLQALVAGDAEIIKAHDRAVARTLEQAEARAQARQKIQGKTRIETTGNLVIGKFRHETSRERDPQLHTHAVILNMTKRSDGQWRALKNDEIVKATRYLGAVYNAELAHELQKLGYQLRYGKDGNFDLAHIDRQQIEGFSKRTEQIAEWYAARGLDPNSVSLEQKQAAKVLSRAKKTSVDREALRAEWQATAKELGIDFS,IERIHFHTY------------------------------------------------------------------GYYLALTQY----------------RGEEVRDALLFASLAAAAKAMKGNLE---------------GLIDM----VDRQLAFVPTKIVASPK----------STVGIGDTISSSAFVSEFGMRKR---------------------------------------------------------------------------------------,----LSHMVLTRQDIGRAASYYGDASEWQGKGAEELGLSGEVDSKRFRELLAGNIGEGHRIMRSATRQDSKERIGLDLTFSAPKSVSLQALVAGDAEIIKAHDRAVARTLEQAEARAQARQKIQ--GKTRIETTGNLVIGKFRHETSRERDPQLHTHAVILNMTKRSDGQWRALKNDEIVKATRYLGAVYNAELAHELQKLGYQLRYGKDGNFDLAHIDRQQIEGFSKRTEQIAEWYAARGLDPNSVSLEQKQAAKVLSRAKKTSVDREALRAEWQATAKELGIDFS
d1gx3a_d1epaa_,1gx3_Ah.pdb,1epa_Ac.pdb,GFEVERLSGRVVWMRADDAPLPAQTHNVLSVAVPGADGRYLVDVGFGGQTLTSPIRLEAGPVQQTRHEPYRLTRHGDDHTLAAQVRGEWQPLYTFTTEPRP,VKDFDISKFLGFWYEIAFASKMGTPGLAHKEEKMGAMVVELKENLLALTTTYYSEDHCVLEKVTATEGDGPAKFQVTRLSGKKEVVVEATDYLTYAIIDITSLVAGAVHRTMKLYSRSLDDNGEALYNFRKITSDHGFSETDLYILKHDLTCVKVLQSAA,--------GFEVERL-SGRVVWMRADDAPLPAQTHNVLSVAVPGA--DGRYLVDVGFGGQTLTSPIRLEA-------GPVQQTRHEPYRLTRHG------DDHTLAAQVRGEWQPLYTFTTEPRP-----------------------------------------,VKDFDISKFLGFWYEIAFASKMGTP--GLAHKEEKMGAMVVELKENLLALTTTYYSE---DHCVLEKVTATEGDGPAKFQVTRLSGKKEVVVEATDYLTYAIIDITSLVAGAVHR-TMKLYSRSLDDNGEALYNFRKITSDHGFSETDLYILKHDLTCVKVLQSAA
d1gx3a_d1pbya5,1gx3_Ah.pdb,1pby_Ac.pdb,GFEVERLSGRVVWMRADDAPLPAQTHNVLSVAVPGADGRYLVDVGFGGQTLTSPIRLEAGPVQQTRHEPYRLTRHGDDHTLAAQVRGEWQPLYTFTTEPRP,PDAYADDASGAYVLAGRQPGRGDYTGRLVLKKAGEDYEVTMTLDFADGSRSFSGTGRILGAGEWRATLSDGTVTIRQIFALQDGRFSGRWHDADSDVIGGRLAAVKAD,-----GFEVERLSGRVVWMRADDAPLPAQTHNVLSVAVPGADGRYLVDVGFGGQT----LTSPIRLEA--GPVQQTR----HEPYRLTRHGDDHTLAAQVR---GEWQPLYTFTTEPRP,PDAYADDASGAYVLAGRQPGRG-----DYTGRLVLKKA--GEDYEVTM-TLDFADGSRSFSGTGRILGAGEWRATLSDGTVTIRQIFALQDGRFSGRWHDADSDVIGGR-LAAVKAD--
d1gxja_d1p5dx3,1gxj_Ai.pdb,1p5d_Xc.pdb,DEKYSLAVSVLLGGNSVVVETLDDAIRMKKKYRLNTRIATLDGELISGRGAITGGRE,IYPDRLLMLFAKDVVSRNPGADIIFDVKCTRRLIALISGYGGRPVMWKTGHSLIKKKMKETGALLAGEMSGHVFFKERWFGFDDGIYSAARLLEILSQD,DEKYSLAVSVLLG-----------GNSVVV----------------------ETLDDAIRMKKKYRLNTRIATLDGELISG---RGAITGGRE-----------,----IYPDRLLMLFAKDVVSRNPGADIIFDVKCTRRLIALISGYGGRPVMWKTGHSLIKKKMKETGAL-LAGEMSGHVFFKERWFGFDDGIYSAARLLEILSQD
d1h0hb_d1hz6b_,1h0h_Bh.pdb,1hz6_Bc.pdb,SKGFFVDTTRCTACPTGAMNFGDLSEMEAMASARLAEIKAAYSDAKLCDPDDVRVIFLTAHNPKLYHEYAVA,EEVTIKANLIFANGSTQTAEFKGTFEKATSEAYAYADTLKKDNGEWTVDVADKGYTLNIKFAG,--SKGFFVDTTRCTAC-PTGAMNFG--DLSEMEAMASARLAEIKAAYSDAKLCDPDDVRVIFLTAHNPKLYHEYAVA,EEVTIKANLIFA----NGSTQTAEFKGTFEKATSEAYAYADTLKKDNGEWTVDVADKGYTLNIKFAG----------
d1h5wa_d2cbla2,1h5w_Ai.pdb,2cbl_Ac.pdb,MAFPTTPTLELFAAELAELKEIISVNQNAQKTPTDAPYVVDKLNAQKNAVWNEMMTFLGIKNMAFPTTPTLELFAAELAELKEIISVNQNAQKTPTDAPYVVDKLNAQKNAVWNEMMTFLGIKN,PPGTVDKKMVEKCWKLMDKVVRLCQNPKLALKNSPPYILDLLPDTYQHLRTILSRYEGKMETLGENEYFRVFMENLMKKTKQTISLFKEGKERMYEENSQPRRNLTKLSLIFSHMLAELKGIFPSGLFQGD,MAFPTTPTLELFAAELAELKEIISVNQNAQKTP-TDAPYVVDKLNAQKNAVWNEMMTFLGIKNMAFPTTPTLELFAAELAELKEIISVNQNAQKTP----------------------TDAPYVVDKLNAQKNAVWNEMMTFLGIKN,--PPGTVDKKMVEKCWKLMDKVVRLCQNPKLALKNSPPYILDLLPDTYQHLRTILSRYEG--------KMETLGENEYFRVFMENLMKKTKQTISLFKEGKERMYEENSQPRRNLTKLSLIFSHMLAELKGIFPSGLFQGD------
d1h6da2d1kjka_,1h6d_Ah.pdb,1kjk_Ac.pdb,DPMNRAAVKLIRENQLGKAVLLMDPATGYYQNLISVQTPGHANQSMMP,DRRIAITEAIQANIELFSGHDLPPNLYIRNNGYYCYRDPRTGKEFGLGR,DPMNRAAVKLIRENQLG-------KAVLLMDPATGYYQNLISVQTP--GHANQSMMP,--DRRIAITEAIQANIELFSGHDLPPNLYIRN-----NGYYCYRDPRTGKEFGLGR-
d1hbnb2d1aisb2,1hbn_Bh.pdb,1ais_Bc.pdb,NLEGIENALKTAELDLDIVGNAESIAAAAKEMIQVTEDDDPSARFDVAAEYSAAPLVTATAFVQAIINEFDVSMYDANMVKAAVLGR,TPKKLFVKPTDYVNKFADELGLSEKVRRRAIEILDEAYKRGLTSGKSPAGLVAAALYIASLLEGEKRTQREVAEVARVTEVTVRNRYKELVEKLKIKVPIA,-----------NLEGIENALKTAELDLDIVGNAESIAAAAKEMIQVTEDDDPSARFDVAAEYSAAPLVTATAFVQAIINEFDVS--MYDANMVKAAVLGR----------------------,TPKKLFVKPTDYVNKFADELG------LSEKVRRRAIEILDEAYKRGLT---------------SGKSPAGLVAAALYIASLLEGEKRTQREVAEVARVTEVTVRNRYKELVEKLKIKVPIA
d1hi9a_d1rpua_,1hi9_Ah.pdb,1rpu_Ac.pdb,FGVRHFYINDRPVGELGLNAYVAGYYDPLTPPDRPVLSIEFANTTVQFQAKDMLEAYQAMLVMTELAMRTSFC,NPLGFKESWGFGKVVFKRYLRYDRTEASLHRVLGSWTGDSVNYAASRFLGANQVGCTYSIRFRGVSVTISGGSRTLQHLCEMAIRSKQELLQLTPVEV,-FGVRHFYIN----DRPV---------------GELGLNAYVAGYYD---PLTPPDRPVLSIEFANTTVQFQAK--DMLEAYQAMLVMTELAMRTSFC--,NPLGFKESWGFGKVVFKRYLRYDRTEASLHRVLGSWTGDSVNYAASRFLG--ANQVGCTYSIRFRGVSVTISGGSRTLQHLCEMAIRSKQELLQLTPVEV
d1hrda1d1rp3a3,1hrd_Ah.pdb,1rp3_Ac.pdb,KARSFGGSLVRPEATGYGSVYYVEAVMKHENDSKAVNAGGVLVSGFEMSQNSERLSWTAEEVDSKLHQVMTDIHDGSAAAAERYGLGY,MKNPYSNQIEREELILKYLPLVKAIATNIKKHLPEDVDIRDLISYGVIGLIKAVDNLSTENPKRAEAYIKLRIKGAIYDYLRSLDFG,----KARSFGGSLVRPEATGYGSVYYVEAVMKHEND--SKAVN-AGGVLVSGFEMSQNSERLSWTAEEVDSKLHQVMTDIHDGSAAAAERYGLGY,MKNPYSNQIEREELILKYLPLVKAIATNIKKHLPEDVDIRDLISYGVIGLIKAVDNLSTENPKRAEAYIKLRIKGAIYDYLRSLDFG--------
d1htjf_d1gnla_,1htj_Fh.pdb,1gnl_Ac.pdb,ADPSPLLFYLCAEVYQQASPKDSRSLGKDIWNIFLEKNAPLAADRSAPMDFALNTYMSHAGIRL,SNAMFCYQCQETVGNKGCTQVGVCGKKPETAALQDALIYVTKGLGQIATRLRAEGKAVDHRIDRLVTGNLFATITNANFDDDILAERVRMTCAAKKELAASLTDKSGLSDAALWEASEKSAMLAKAGTVGVMATT,------------------------------ADPSPLLFYLCAEVYQQA---------SPKDSRSLGKDIWNIFLEKNAPLAADRSAPMDFALNTYMSHAGIRL-----------------------------------,SNAMFCYQCQETVGNKGCTQVGVCGKKPETAALQDALIYVTKGLGQIATRLRAEGKAVDHRIDRLVTGNLFAT-ITNANF--DDDILAERVRMTCAAKKELAASLTDKSGLSDAALWEASEKSAMLAKAGTVGVMATT
d1htjf_d1nhua_,1htj_Fh.pdb,1nhu_Ac.pdb,RPAHLGVFLRYIFSQADPSPLLFYLCAEVYQQAGDPLRERQVAEKQLAALGDILSAYAADRSAPMDFALNTYMSHAGIRL,RDPTTPLARAAWETARHTPVNSWLGNIIMYAPTLWARMILMTHFFSILLAQEQLEKALDCQIYGACYSIEPLDLPQIIERLHGLSAFSLHSYSPGEINRVASCLRKLGVPPLRVWRHRARSVRARLLSQGGRAATCGKYLFNWAVKTKLKLTPIPAASQLDLSGWFVAGYSGGDIYHS,------------------------------------RPAHLGVFLRYIFSQA-----------------DPSPLLFYLCAEVYQQA-------------------GDPLRERQVAEKQLAALGDILSAYAADRSAPMDFALNTYMSHAGIRL---------------------------,RDPTTPLARAAWETARHTPVNSWLGNIIMYAPTLWARMILMTHFFSILLAQEQLEKALDCQIYGACYSIEPLDLPQIIERLHGLSAFSLHSYSPGEINRVASCLRKLGVPPLRVWRHRARSVRARLLSQ-GGRAATCGKYLFNWAVKTKLKLTPIPAASQLDLSGWFVAGYSGGDIYHS
d1i9ea_d1mzka_,1i9e_Ah.pdb,1mzk_Ah.pdb,ATPYLFWYVQYPRQGLQLLLKYYSGDPVVQGVNGFEAEFSKSNSSFHLRKASVHWSDSAVYFCAVSGFA,LGSSWLFLEVIAGPAIGLQHAVNSTSSSKLPVKLGRVSPSDLALKDSEVSGKHAQITWNSTKFKWELVDMGSLNGTLVNSHSISHPDLGSRKWGNPVELASDDIITLGTTTKVYVRISSQNE,-ATPYLFWYVQYPRQGLQLLLKYYS---GDPVVQGVN----------------GFEAEFSKSNSSFHLRKASVHW---------------------------------SDSAVYFCAVSGFA-,LGSSWLFLEVIAGPAIGLQ-HAVNSTSSSKLPVKLGRVSPSDLALKDSEVSGKHAQITWNSTKFKWELVDMGSLNGTLVNSHSISHPDLGSRKWGNPVELASDDIITLGTTTKVYVRISSQNE
d1i9ea_d1nppa1,1i9e_Ah.pdb,1npp_Ac.pdb,ATPYLFWYVQYPRQGLQLLLKYYSGDPVVQGVNGFEAEFSKSNSSFHLRKASVHWSDSAVYFCAVSGFA,EEKVVIRAQGKEKYRLSLKGNARDISVLGKKGVTTFRIENGEVKVVESVEGDTCVNAPPISKPGQKITCKENKTEAKIVLD,ATPYLFWYVQYPRQGLQLLLKYY--SGDPVVQGV---NGFEAEFSKSNSSFHL-RKASVHW---------------SDSAVYFCAVSGFA,-EEKVVIRAQ-----GKEKYRLSLKGNARDISVLGKKGVTTFRIEN--GEVKVVESVEGDTCVNAPPISKPGQKITCKENKTEAKIVLD-
d1ihoa_d1ep7a_,1iho_Ah.pdb,1ep7_Ah.pdb,MLIIETLPLLRQQIRRLRMEGKRDVVVVSIFVYPRTLQEDCEKLNKRKVDLVFAPSV,GGSVIVIDSKAAWDAQLAKGKEEHKPIVVDFTATWCGPCKMIAPLFETLSNDYAGKVIFLKVDVDAVAAVAEAAGITAMPTFHVYKDGVKADDLVGASQDKLKALVAKHAAA,-MLIIET--LPLLRQQIRRLRMEGKRDVVVVSIFV------YPRTLQEDCEKLNKRKV-DLVFAPSV------------------------------------------------,GGSVIVIDSKAAWDAQLAKGKEEH---KPIVVDFTATWCGPCKMIAPLFETLSNDYAGKVIFLKVDVDAVAAVAEAAGITAMPTFHVYKDGVKADDLVGASQDKLKALVAKHAAA
d1is8a_d1umwa1,1is8_Ah.pdb,1umw_Ac.pdb,EDHDEMVIVKDIDMFSMCEHHLVPFVGRVHIGYLPNKQPAGVGVVIEATHKMNSKTVTSTMLGVFREDPKTREEFLTLIRS,PIFWVSKWVDYSDKYGLGYQLCDNSVGVLFNDSTRLILYNDGDSLQYIERDGTESYLTVSSHPNSLMKKITLLKYFRNYMSEHLLKAGANITPR,----------EDHDEMVIVKDIDMFSMCEHHLVPFVGRVHIGYLPNKQPAGVGVVIEATHKMNSKTVTSTMLGVF------------REDPKTREEFLTLIRS---------------,PIFWVSKWVDYSDKYGLGYQ-LC-------------DNSVGVLFND---STRLILYN-------DGDSLQYIERDGTESYLTVSSHPNSLMKKITLLKYFRNYMSEHLLKAGANITPR
d1izna_d1gkza1,1izn_Ai.pdb,1gkz_Ac.pdb,RVSDEEKVRIAAKFITHAPPGEFNEVFNDVRLLLNNSDQQLDCALDLMRRLPPQQIEKNLSDLIDLVP,LQQELPVRIAHRIKGFRSLPFIIGCNPTILHVHELYIRAFQQLLDDHKDVVTLLAEGLRESRKHIEDEKLVRYFLDKTLTSRLGIRMLA,-----RVSDEEKVRIAAKFITHAPPGEFNEVFNDVRLLLNN-------SDQQLDCALDLMRRL-----PPQQIEKNLSDLIDLVP------,LQQELPVRIAHRIKGFRSLPFII--GCNPTILHVHELYIRAFQQLLDDHKDVVTLLAEGLRESRKHIEDEKLVRYFLDKTLTSRLGIRMLA
d1izna_d1keka2,1izn_Ai.pdb,1kek_Ac.pdb,RVSDEEKVRIAAKFITHAPPGEFNEVFNDVRLLLNNSDQQLDCALDLMRRLPPQQIEKNLSDLIDLVP,LFEDAAEYGFGMNMSMFARRTHLADLAAKALESDASGDVKEALQGWLAGKNDPIKSKEYGDKLKKLLAGQKDGLLGQIAAMSDLYTKK,-------------RVSDEEKVRIAAKFITHA---PPGE-FNEVFNDVRLLLNN-SDQQLDCALDLMRRLPP---QQIEKNLSDLIDLVP-,LFEDAAEYGFGMNMSMFARRTHLADLAAKALESDASGDVKEALQGWLAGKN--DPIKSKEYGDKLKKLLAGQKDGLLGQIAAMSDLYTKK
d1izna_d2gsca_,1izn_Ai.pdb,2gsc_Ac.pdb,RVSDEEKVRIAAKFITHAPPGEFNEVFNDVRLLLNNSDQQLDCALDLMRRLPPQQIEKNLSDLIDLVP,RPHERLDAWRDSMELVEMIYRLTEVFPDQERYGLTAQLRRAAVSIPSNIAEGAARDYSRFLSIARGSLSELDTQVQIAARLGYSRSEDDQSVRRQVDLVFAKLTALMNALRRR,-----RVSDEEKVRIAAKFITHAPP-------GEFNEVFNDVRLLLNN----------------SDQQLDCALDLMRRL-----PPQQIEKNLSDLIDLVP------------,RPHERLDAWRDSMELVEMIYRLTEVFPDQERYGLTAQLRRAAVSIPSNIAEGAARDYSRFLSIARGSLSELDTQVQIAARLGYSRSEDDQSVRRQVDLVFAKLTALMNALRRR
d1j22a_d1m2aa_,1j22_Ah.pdb,1m2a_Ac.pdb,VKVVVDSRELRSEVVKRLKLLGVKLEVKTLDVGDYIISEDVAIERKSTPEETAQYIFLIAKREQEE,AEFKHVFVCVQDRPPGHPQGSCAQRGSREVFQAFMEKIQTDPQLFMTTVITPTGCMNACMMGPVVVVYPDGVWYGQVKPEDVDEIVEKHLKGGEPVERLVISK,---VKVVVDSR-------------ELRSEVVKRLKLLG---------VKLEVKT-LDV----GDYIISE-DVAIERKSTPEETAQYIFL-IAKREQEE-------,AEFKHVFVCVQDRPPGHPQGSCAQRGSREVFQAFMEKIQTDPQLFMTTVITPTGCMNACMMGPVVVVYPDGVWYGQV--KPEDVDEIVEKHLKGGEPVERLVISK
d1jdbc2d1r9ca_,1jdb_Ch.pdb,1r9c_Ac.pdb,DIPVFGICLGHQLLALASGPANLRVTHKSLFDGTLQGIHRTDKPAFSFQGHPEA,MIEGLSHMTFIVRDLERMTRILEGVFDAREVYASDTEQFSLSREKFFLIGDIWVAIMQGEKLAER,----DIPVFGIC----LGHQLLALASGPANL-RVTHKSLFDGTLQGIHRT--DKPAFSFQGHPEA--,MIEGLSHMTFIVRDLERMTRILEGVFD-AREVYASDTEQFSLSR-EKFFLIGDIWVAIMQGEKLAER
d1jnwa_d1ew4a_,1jnw_Ah.pdb,1ew4_Ac.pdb,LADPTAMVVATVSLLFPWHTLERQVMVIGEQIEFWQGGEHRLHDRFLYQRENDAWKIDRLAPKGGLRRRDLPADPLTLFERWLSQACEAK,MNDSEFHRLADQLWLTIEERLDDWDGDSDIDCEINGGVLTITFENGSKIIINRQEPLHQVWLATKQGGYHFDLKGDEWICDRSGETFWDLLEQAATQQAGETVSFR,-------------------------LADPTAMVVATVSLLFPWHTLERQVMVIG------EQIEFWQGGEHRLHDRFLYQREN----DAWKIDRLAPKGGLRRRDLPADPLTLFERWLSQACEAK----,MNDSEFHRLADQLWLTIEERLDDWDGDSDIDCEINGGVLTITFE-NGSKIIINRQEPLHQVWLATK---------QGGYHFDLKGDEWICDR-------------SGETFWDLLEQAATQQAGETVSFR
d1k2fa_d1svb_2,1k2f_Ah.pdb,1svb__c.pdb,HKSITTLQGEDIVFLATDINLPGAVDWVMMQSCFGFHFMLVLEKQEKYDGHQQFFAIVQLIGTRKQAENFAYRLELNGHRENGNLGINVTISMC,SRCTHLENRDFVTGTQGTTRVTLVLELGGCVTITAEGKPSMDVWLDAIYQENPAKTREYCLHAKLSDTKVAARCPTMGPATLAEEHQGGTVCKRDQSDRGWGNHCGLFGKGSIVACVKAACEAKKKATGHVYDANKIVYTVKVEPHTGDYVAANETHSGRKTASFTISSEKTILTMGEYGDVSLLCRVASGVDLAQTVILELDKTVEHLPTAWQVHRDWFNDLALPWKHEGAQNWNNAERLVEFGAPHAVKMDVYNLGDQTGVLLKALAGVPVAHIEGTKYHLKSGHVTCEVGLEKLKMKGL,-----HKSITTLQG----EDIVFLATDINLPGAVDWVMMQSCF-GFHFMLVLE-KQEKYD---------------------------------------------------------------------------------GHQQFFAIVQLIG-------------------------TRKQAENFAYRLELNGHR---------------------------------------------------------------------------------------------ENGNLGINVTISMC-----,SRCTHLENRDFVTGTQGTTRVTLVLEL-------GGCVTITAEGKPSMDVWLDAIYQENPAKTREYCLHAKLSDTKVAARCPTMGPATLAEEHQGGTVCKRDQSDRGWGNHCGLFGKGSIVACVKAACEAKKKATGHVYDANKIVYTVKVEPHTGDYVAANETHSGRKTASFTISSEKTILTMGEYGDVSLLCRVASGVDLAQTVILELDKTVEHLPTAWQVHRDWFNDLALPWKHEGAQNWNNAERLVEFGAPHAVKMDVYNLGDQTGVLLKALAGVPVAHIEGTKYHLKSGHVTCEVGLEKLKMKGL
d1k9ka_d1abv__,1k9k_Ai.pdb,1abv__c.pdb,ACPLDQAIGLLVAIFHKYSGREGDKHTNFQEYVTFLGALALIYNEALKGACPLDQAIGLLVAIFHKYSGREGDKHTNFQEYVTFLGALALIYNEALKG,SEFITVARPYAKAAFDFAVEHQSVERWQDMLAFAAEVTKNEQMAELLSGALAPETLAESFIAVCGEQLDENGQNLIRVMAENGRLNALPDVLEQFIHLRAVSEAT,---ACPLDQAIGLLVAIFHKYSGREGDKHTNFQEYVTFLGALALIYNEALKG------------------------ACPLDQAIGLLVAIFHKYSGREGDKHTNFQEYVTFLGALALIYNEALKG-,SEFITVARPYAKAAFDFAVEHQ--------SVERWQDMLAFAAEVTKNEQMAELLSGALAPETLAESFIAVCGEQLDENGQNLIRVMAENGR-------------LNALPDVLEQFIHLRAVSEAT
d1knza_d1rp3a3,1knz_Ai.pdb,1rp3_Ac.pdb,TQQMAVSIINSSFEAAVVAATSALENMGIEYDYQDIYSRVKNKFDFVMDDSGTQQMAVSIINSSFEAAVVAATSALENMGIEYDYQDIYSRVKNKFDFVMDDSG,MKNPYSNQIEREELILKYLPLVKAIATNIKKHLPEDVDIRDLISYGVIGLIKAVDNLSTENPKRAEAYIKLRIKGAIYDYLRSLDF,-----TQQMAVSIINSSFEAAVVAATSALENMGI-EYDYQDIYSRVKNKFDFVMDDSGTQQMAVSIINSSFEAAVVAATSALENMGIEYDYQDIYSRVKNKFDFVMDDSG,MKNPYSNQIEREELILKYLPLVKAIATNIKKHLPEDVDIRDLISYGVIGLIKAVDNLS-----TENPKRAEAYIKLRIKGAIYDYLRSLDF-------------------
d1knza_d1vola1,1knz_Ai.pdb,1vol_Ac.pdb,TQQMAVSIINSSFEAAVVAATSALENMGIEYDYQDIYSRVKNKFDFVMDDSGTQQMAVSIINSSFEAAVVAATSALENMGIEYDYQDIYSRVKNKFDFVMDDSG,AMMNAFKEITTMADRINLPRNKVDRTNNLFRQAYEQKSLKGRANDAIASACLYIACRQEGVPRTFKEICAVSRISKKEIGRCFKLILKALETSVD,TQQMAVSIINSSFEAAVVAATSALENMGIEYDYQDIYSRVKNKFDFVMDDSG-TQQMAVSIINSSFEAAVVAATSALENMGIEYDYQDIYSRVKNKFDFVMDDSG-----------,-------AMMNAFKEITTMADRIN-------LPRNKVDRTNNLFRQAYEQKSL-------KGRANDAIASACLYIACRQEGVPRTFKEICAVSRISKKEIGRCFKLILKALETSVD
d1l6ra_d1ir6a_,1l6r_Ah.pdb,1ir6_Ac.pdb,LTVSLLSGNVIPVVYALKIFLGINGPVFGENGGIMFDNDGSIKKFFSGEDKAFAVNKLKEMYSL,AKAIVLLDPEGHPGVMGIVASRILEATLRPVFLVAQGKGTVRSLAPISAVEALRSAEDLLLRYGGHKEAAGFAMDEALFPAFKARVEAYAARFPDPVREVALLDL,LTVSLLSGN-------VIPVVYALKIFLGINGPVFGEN--GGIMFDND---------------------GSIKKFFS--GEDKAFAVNKLKEMYSL------------,-AKAIVLLDPEGHPGVMGIVASRILEATL--RPVFLVAQGKGTVRSLAPISAVEALRSAEDLLLRYGGHKEAAGFAMDEALFPAFKARVEAYAARFPDPVREVALLDL
d1l6ra_d1nrva_,1l6r_Ah.pdb,1nrv_Ac.pdb,LTVSLLSGNVIPVVYALKIFLGINGPVFGENGGIMFDNDGSIKKFFSGEDKAFAVNKLKEMYSL,IHRTQHWFHGRISREESHRIIKQQGLVDGLFLLRDSQSNPKAFVLTLCHHQKIKNFQILPCTFFSLDDGNTKFSDLIQLVDFYQLNKGVLPCKLKHHCIR,--LTVSLLSG-NVIPVVYALKIFLGIN--GPVFGEN-----GGIMFDN---DGSIKKFFS-------------GEDKAFAVNKLKEMYSL----------,IHRTQHWFHGRISREESHRIIKQQGLVDGLFLLRDSQSNPKAFVLTLCHHQKIKNFQILPCTFFSLDDGNTKFSDLIQLVDFYQLNKGVLPCKLKHHCIR
d1lci__d1lla_1,1lci__h.pdb,1lla__c.pdb,ENSLQFFMPVLGALFIGGTAGEQLHKAMKRYALVPGTIATYAEYFEMSVRLAEAMKRYGLNT,HSDRLKNVGKLQPGAIFSCFHPDHLEEARHLYEVFWEAGDFNDFIEIAKEARTFVNEGLFAFAAEVAVLHRDDCKGLYVP,--------------------ENSLQFFMPVLGALFIG---GTAGEQLHKAMKRYALVPGTIATYAEYFEMSVRLAEAMKRYGLNT---,HSDRLKNVGKLQPGAIFSCFHPDHLEEARHLYEVFWEAGDFNDFIEIAKEARTFV--------NEGLFAFAAEVAVLHRDDCKGLYVP
d1lq7a_d1gqea_,1lq7_Aa.pdb,1gqe_Ac.pdb,GSRVKALEEKVKALEEKVKALGGGGRIEELKKKWEELKKKIEELGGGGEVKKVEEEVKKLEEEIKKL,INPVNNRIQDLTERSDVLRGYLDYDAKKERLEEVNAELEQPDVWNEPERAQALGKERSSLEAVVDTLDQMKQGLEDVSGLLELAVEADDEETFNEAVAELDALEEKLAQLEFRR,GSRVKALEEKVKALEEKVKALGG-------------------------------------------GGRIEELKKKWEELKKKIEEL--GGGG-EVKKVEEEVKKLEEEIKKL----,---INPVNNRIQDLTERSDVLRGYLDYDAKKERLEEVNAELEQPDVWNEPERAQALGKERSSLEAVVDTLDQMKQGLEDVSGLLELAVEADDEETFNEAVAELDALEEKLAQLEFRR
d1lwda_d1a5t_1,1lwd_Ah.pdb,1a5t__c.pdb,DEMTRIIWQFIKEKLILPHVNPIASIFAWTRGLEHRGKLDGNQDLIRFAQTLEKVCVETVESGAMTLNTSDFLDTIKSNLDRALGRQ,DNWQARETLCQALAYSVPSGDWYSLLAALNHEQAPARLHWLATLLMDALKRVTNVDVPGLVAELANHLSPSRLQAILGDVCHIREQLMSVTGINRELLITDLLLRIEHYLQPGVVL,--DEMTRIIWQFIKEKLILPHV--------------NPIASIFAWTRGLEHRGKLDG--------------NQDLIRFAQTLEKVCVETVESGAMT--LNTSDFLDTIKSNLDRALGRQ---,DNWQARETLCQALAYS-VPSGDWYSLLAALNHEQAPARLHWLATLLMDALKR-----VTNVDVPGLVAELANHLSPSRLQAILGDVCHIREQLMSVTGINRELLITDLLLRIEHYLQPGVVL
d1m9na2d1j27a_,1m9n_Ai.pdb,1j27_Ac.pdb,SPGFINLCDALNAWQLVKELKQALGIPAAASFKHVSPAGAAVGIPESAVRDLIVASIAVKYTQSNSVCYAKDGQVIGIGAGQQ,ARSLKEKRALIKPALERLKARFPVSAARLYGLDAWGYEVVGFTLLGNDPAWVEETMRAAARFLAEAGGFQVALEEFRLEAFELMKAYLGLYTARLETP,--SPGFINLCDALNAWQLVKELKQALGIPAAASFKH------VSPAGAAVGI---PESAVRDLIVASIAVKYTQSNS-VCYAKD----------GQVIGIGAGQQ,ARSLKEKRALIKPALERLKARF------PVSAARLYGLDAWGYEVVGFTLLGNDPAWVEETMRAAARFLAEAGGFQVALEEFRLEAFELMKAYLGLY-TARLETP
d1miwa2d1gyfa_,1miw_Ah.pdb,1gyf_Ac.pdb,YDAYFVGGRPIGDVDIATSARSLEEDLKRRDFTMNAIAMDEYGTIIDPFG,DVMWEYKWENTGDAELYGPFTSAQMQTWVSEGYFPDGVYCRKLDPPGGQFYNSKRIDFDLYT,YDAYFVGG--RPIGDVDI-ATSARSLEEDLKRRDFTMNAIAMDE---YGTIIDPFG-------,DVMWEYKWENTGDAELYGPFTSA-QMQTWVSEGYFPDGVYCRKLDPPGGQFYNSKRIDFDLYT
d1mk5a_d1efub2,1mk5_Ai.pdb,1efu_Bi.pdb,TDGSGTALGWTVAWKNNYRNAHSATTWSGQYVGGAEARINTQWLLTSGTTETDGSGTALGWTVAWKNNYRNAHSATTWSGQYVGGAEARINTQWLLTSGTTE,VAADGVIKTKIDGNYGIILEVNCQTDFVAKDAKIGENINIRRVAALEGDVLGSYQHGARIGVLVAAKGADEELLKEHNAEVTGFIRFEVGEGIEKVET,TDGSGTALGWTVAWKNNYRNAHSATTWSGQYVGG-------AEARINT-QWLLTSGTTETDGSGTALGWTVAWKNNYRNAHSATTWSGQYVGG-------AEARI-NTQWLLTSGTTE----,--VAADGVIKTKIDG------NYGIILEVNCQTDFVAKDAKIGENINIRRVAALEG-------DVLGSYQHG---------ARIGVLVAAKGADEELLKEHNAEVTGFIRFEVGEGIEKVET
d1mw5a_d1bco_1,1mw5_Ai.pdb,1bco__c.pdb,QPVKLYSNLPAPFYVLLPESDKALPYVRVSMEYQPVKLYSNLPAPFYVLLPESDKALPYVRVSMEY,TEEQKRMLLLPAEAVNVSRKGEFTLKVGGSLKGAKNVYYNMALMNAGVKKVVVRFDPQQLHSTVYCYTLDGRFICEAECL,------------QPVKLYSNLPAPFYVLLPES--DKALPYVRVSMEY----QPVKLYS----NLPAPFYVLLPESDKALPYVRVSMEY,TEEQKRMLLLPAEAVNVSR---KGEFTLKVGGSLKGAKNVYYNMALMNAGVKKVVVRFDPQQ--LHSTVYCYTLDGRFICEAECL---
d1n00a_d1aa7a_,1n00_Ai.pdb,1aa7_Ac.pdb,DPAERDALLANEATKRWTSSNQVLMEIACTRYPEKYFEKVLRLAINRRGTDEGALTRVVCTRAEVD,MSLLTEVETYVLSIIPSGPLKAEIAQRLEDVFAGKNTDLEVLMEWLKTRPILSPLTKGILGFVFTLTVPSERGL,--DPAERDALLANEATKRWTSSNQVLMEIACTR---YPEKYFEKVLRLAINRRGT-DEGALTRVVCTRAEVD-----,MSLLTEVETYVLSIIPS-GPLKAEIAQRLEDVFAGK--NTDLEVLMEWLKTRPILSPLTKGILGFVFTLTVPSERGL
d1n7va_d1izna_,1n7v_Ah.pdb,1izn_Ac.pdb,AYYAVYKTDGYGGATCFIASGGAGISALVQLQDNSVLDVLYYSLPLSLGGSKAAIDEWVANNCGLF,LKQWRDACDSALRAYVKDHYPNGFCTVYGKSIDGQQTIIACIESHQFQPKNFWNGRWRSEWKFTITPPTAQVAAVLKIQVHYYEDGNVQLVSHKDIQDSVQVSSDVQTAKEFIKIIENAENEYQTAISENYQTMSDTTFKALRRQLPVTRTKIDWNKILSYKIGK,-----------------------------------AYYAVYKTDG---------YGGATCFIASGG--AGISALVQLQD-----------NSVLDVLYYSLPLSLGGSKAAIDEWVANNCGLF----------------------------------------------,LKQWRDACDSALRAYVKDHYPNGFCTVYGKSIDGQQTIIACIESHQFQPKNFWNGRWRSEWKFTITPPTAQVAAVLKIQVHYYEDGNVQLVSH-KDIQDSVQV---SSDVQTAKEFIKIIENAENEYQTAISENYQTMSDTTFKALRRQLPVTRTKIDWNKILSYKIGK
d1nf2a_d1ptma_,1nf2_Ah.pdb,1ptm_Ah.pdb,NVHWQAYIDDVLYSEKDNEEIKSYARHSNVDYRVEPNLSELVSKMGTTKLLLIDT,AKKVVMMLATEELRVALATTHLPLRDIADAITPALLHEVIAILHHDLRTKFGIAEPRADAVLAMYHDQGLPVLKYQGFGRGVNITLGLP,--NVHWQAYIDDVLYSEKD--------------------NEEIKSYARHSN------VDYRVEPN---LSELVSKMG--TTKLLLIDT-,AKKVVMMLATEELRVALATTHLPLRDIADAITPALLHEVIAILHHDLRTKFGIAEPRADAVLAMYHDQGLPVLKYQGFGRGVNITLGLP
d1nkta3d1ldja1,1nkt_Ah.pdb,1ldj_Ac.pdb,GKTLTCVLPAYLNALAGNETLDDLLPEAFAVAREAAWRVLDQRPFDVQVMGAAALHLG,PMKTEQKQEQETTHKNIEEDRKLLIQAAIVRIMKMRKVLKHQQLLGEVLTQLSSRFKPRVPVIKKCIDILIEKEYLERVDGEKDTYSYLA,-----------------GKTLTCVLPAYLNALAGN---ETLDDLLPEAFAVAREAAWRVLDQRPFDVQVMGAAALHLG------------------,PMKTEQKQEQETTHKNIEEDRKLLIQAAIVRIMKMRKV----LKHQQLLGEVLTQLSS--RFKPRVPVIKKCIDILIEKEYLERVDGEKDTYSYLA
d1o02a_d1ihna_,1o02_Ah.pdb,1ihn_Ac.pdb,NQIFINNEWHDAGDKEDVDKAVKAARAAFQLGGNVVVMKVAEQTPLTALYVANLIKEAGFPPGVVNIVPGF,SHMFSDCRFGSVTYRGREYRSDIVVHVDGSVTPRRKEISRRKYGTSHVMAEEELEELLEEKPESIIIGSGVHGALETGFRSDATVLPTCEAIKRYNEERSAGRRVAAIIHVTC,---------------------NQIFIN-NEWHDA--------------GDKEDVDKAVKAARAAFQLGGNVVVMKVAEQ---------------TPLTALYVANLIKEAGFPPGVVNIVPGF--,SHMFSDCRFGSVTYRGREYRSDIVVHVDGSVTPRRKEISRRKYGTSHVMAEEELEELLEEK--------PESIIIGSGVHGALETGFRSDATVLPTCEAIKRYNEERSAGR---RVAAIIHVTC
d1o17d2d1ir6a_,1o17_Dh.pdb,1ir6_Ac.pdb,PANAKYQLMGVFSKDHLDLLSKSAYELDFNKIILVYGEPGIDEVSPIGNTFMKIVSKRGIEEVKLNVKDEHVAEFIKINTAVALFALDRVG,AKAIVLLDPEGHPGVMGIVASRILEATLRPVFLVAQGKGTVRSLAPISAVEALRSAEDLLLRYGGHKEAAGFAMDEALFPAFKARVEAYAARFPDPVREVALLDL,PANAKYQLMGV--FSKDHLDLLSKSAYEL-DFNKIILVYGEPGIDEVSPIGNTFMKIVSK----------------------RGIEEVKLNVKDEHVAEFIKINTAVALFALDRVG--------------,---AKAIVLLDPEGHPGVMGIVASRILEATLR-PVFLVAQ------------GKGTVRSLAPISAVEALRSAEDLLLRYGGHKEAAGFAMD---------EALFPAFKARVEAYAARFPDPVREVALLDL
d1o17d2d1jyra_,1o17_Dh.pdb,1jyr_Ac.pdb,PANAKYQLMGVFSKDHLDLLSKSAYELDFNKIILVYGEPGIDEVSPIGNTFMKIVSKRGIEEVKLNVKDEHVAEFIKINTAVALFALDRVG,GSMAWFFGKIPRAKAEEMLSKQRHDGAFLIRESESAPGDFSLSVKFGNDVQHFKVLRDGAGKYFLWVVKFNSLNELVDYHRSTSVSRNQQIFLRDI,PANAKYQLMGVFSKDHLDLLSKSAYELDFNKIILVYGEPGIDEVSPIGNTFMKIVSKRGIEEVKLNV--------KDEHVAEFIKINTAVALFALDRVG-------,----GSMAWFFGKI-PRAKAEEMLSKQRHDGAFLIRESES-----APGDFSLSVKFGNDVQHFKVLRDGAGKYFLWVVKFNSLNELVDYHRSTSVSRNQQIFLRDI
d1ogqa_d1fjgc1,1ogq_Ah.pdb,1fjg_Cc.pdb,ELCNPQDKQALLQIKKDLGNPTTLSSWLPTTDCCNRTWLGVLCDTDTQTYRVNNLDLSGLNLPKPYPIPSSLANLPYLNFLYIGGIN,GNKIHPIGFRLGITRDWESRWYAGKKQYRHLLLEDQRIRGLLEKELYSAGLARVDIERAADNVAVTVHVAKPGVVIGRGGERIRVLREELAKLTGKNVALNVQEV,----------------------------ELCNPQDKQALLQIKKDLGNPTTLSSWLPTTDCCNRTWLGVLCDTDTQTYRVNNLDLSGLNLPKPY---------PIPSSLANLPYLNFLYIGGIN,GNKIHPIGFRLGITRDWESRWYAGKKQYRHLLLEDQRIRGLLEKELYSAGL-------------ARVDIERAA----DNV-AVTVHVAKPGVVIGRGGERIRVLREELAKLTGKNVALNVQEV-
d1ogsa2d1dq3a4,1ogs_Ah.pdb,1dq3_Ac.pdb,ARPCIPKSFGYSSVVCVCNASPPAQNLLLKSYFSEEGIGYSPIIVDITKDTFYKQP,IPPQILKEGKNAVLSFIAGLFDAEGHVSNKPGIELGMVNKRLIEDVTHYLNALGIKARIREKLRKDGIDYVLHVEEYSSLLRFYELIGKNLQNEEKREKLEKVLSNHKG,---------------------ARPCIPKSFGYSSVVCVCNA--SPPAQNLLLKSYFSEEGIGYSPIIVDIT------KDTFYKQP---------------------------------,IPPQILKEGKNAVLSFIAGLFDAEGHVSNK----PGIELGMVNKRLIEDVTHYLNALG-----IKARIREKLRKDGIDYVLHVEEYSSLLRFYELIGKNLQNEEKREKLEKVLSNHKG
d1ogsa2d1is1a_,1ogs_Ah.pdb,1is1_Ac.pdb,ARPCIPKSFGYSSVVCVCNASPPAQNLLLKSYFSEEGIGYSPIIVDITKDTFYKQP,TGRAHPSLLSGISVEYYGAATPLNQVANVVAEDARTLAITVFDKELTQKVEKAIMMSDLGLNPMSAGTIIRVPLPPL,-------------------------ARPCIPKSFGYSSVVCVCNA--SPPAQNLLLKSYFSEEGIGY--SPIIVDITKDTFYKQP---,TGRAHPSLLSGISVEYYGAATPLNQVANVVAED----ARTLAITVFDKELTQKVEKAIMMSD-----LGLNPMSAG--TIIRVPLPPL
d1oi2a_d1uw1a_,1oi2_Ah.pdb,1uw1_Aa.pdb,DVLDEQLAGLAKAHPSLTLHQDPVYVTRADAPVAGKVALLSGGGSGHEPMHCGYIGQGMLSGACPGEI,DDKKTNWLKRIYRVRPCVKCKVAPRNWKVKNKHLRIYNMCKTCFNNSIDIGDDTYHGHDDWLMYADS,-DVLDEQLAGLAKAHP-------SLTLHQD--PVYVTRADAPVAGKVALLSGGGSGHEPMHCGYIGQGMLSGACPGEI---,DDKKTNWLKRIYRVRPCVKCKVAPRNWKVKNKHLRIYNMCKTCFNNSIDIG--------------DDTYHGHDDWLMYADS
d1okra_d1m98a1,1okr_Ai.pdb,1m98_Ac.pdb,KGGFNSLVLNFVEKEDLSQDEIEELRNILNKKKGGFNSLVLNFVEKEDLSQDEIEELRNILNK,AADVVPATIARFKQLSAEDQLALIWFAYLEMGKTITLSANANAILVTIQGIDPGQQITVLRNCVVDMGFD,KGGFNSLVLNFVEKEDLSQDEIEELRNILNKK------KGGFNSLVLNFVEKEDLSQDEIEELRNILNK-----,AADVVPATIARFKQ--LSAEDQLALIWFAYLEMGKTITLSANANAILVTIQGI--DPGQQITVLRNCVVDMGFD
d1okra_d1v9da_,1okr_Ai.pdb,1v9d_Ac.pdb,VEESDIKYKTSKNFINKVYKGGFNSLVLNFVEKEDLVEESDIKYKTSKNFINKVYKGGFNSLVLNFVEKEDL,VKELKVLDSKTAQNLSIFLGSFRMPYQEIKNVILEVNEAVLTESMIQNLIKQMPEPEQLKMLSELKEEYDDLAESEQFGVVMGTVPRLRPRLNAILFKLQFSEQVENIKPEIVSVTAACEELRKSENFSSLL,----VEESDIKYKTSKNFINKVYKGGFNSLVLNFVEKEDL-VEESDIKYKTSKNFINKVYKGGFNSLVLNFVEKEDL----------------------------------------------------------------,VKELKVLDSKTAQNLSIFLGSFR-MPYQEIKNVILEVN--EAVLTESMIQNLIKQMP------EPEQLKMLSELKEEYDDLAESEQFGVVMGTVPRLRPRLNAILFKLQFSEQVENIKPEIVSVTAACEELRKSENFSSLL
d1omoa_d1i7b.1,1omo_Ai.pdb,1i7b_Ai.pdb,GKAQMPPKVYLEFEKGDLRAMPAHLMGYAGLKWVNSHPGNPDKGKAQMPPKVYLEFEKGDLRAMPAHLMGYAGLKWVNSHPGNPDK,AHFFEGTEKLLEVWFSRQQPGFDSIQSFFYSRKNFMKNSDCWYLYTLDFPESQPDQTLEILMSELDKPGKFVTTLFVNQSNDYNFVFTSFAKK,--GKAQMPPKVYLEFE----------KGDLRAMPAHLMGYAGLKWVNSHPGNPDKGKAQMPPKVYLEFE----KGDLRAMPAHLMGYAGLKWVNSHPGNPDK,AHFFEGT-EKLLEVWFSRQQPGFDSIQSFFYSRKNFMKNSDCWYLYTLDFPE---SQPDQT-LEILMSELDKPGKFVTTLFVNQSNDYNFVFTSFAKK----
d1ovma1d1914_2,1ovm_Ah.pdb,1914__c.pdb,HKQAHADSACLKAFRDAAENKLAMSKAQTIEVQPHAARVGDVWFTGIPMNQAIETLVELCKQHVHA,MVLLESEQFLTELTRLFQKCRSSGSVFITLKKYDEGLEPAENKCLLRATDGKRKISTVVSSKEVNKFQMAYSNLLRANMDGLKKR,HKQAHADSACLKAFRDAAENKLAMSK---AQTIEVQP-----------HAARVG----DVWFTGI--PMNQAIETLVELCKQHVHA----,-----MVLLESEQFLTELTRLFQKCRSSGSVFITLKKYDEGLEPAENKCLLRATDGKRKISTVVSSKEVNKFQMAYSNLLRANMDGLKKR
d1p5gx1d1xppa_,1p5g_Xh.pdb,1xpp_Ac.pdb,LPASIFRAYDIRGVVGDTLTAETAYWIGRAIGSESLARGEGKSGVMLTGSHNPPDYNGFKIVVAGETLANEQIQALRERIEKND,AESSLRVISKEKNSITVEMINYDNTLLRTLVEEILKDDQVDEARYYIKHPVIDNPQIYVRVKSGKPQSAIKRAVRKLSKLYEDLGTQFQKEFQRYESDH,-LPASIF-RA----YDIRGVVGDTLTAETAYWIGRAIGSESLARGEGKSGVMLTGSHNPPDYNGFKIVVAGETLANEQIQALRERIEKND------------------,AESSLRVISKEKNSITVEMIN---YDNTLLRTLVEEILKDD-----QVDEARYYIKHPVIDNPQIYVRVKSGK-PQSAIKRAVRKLSKLYEDLGTQFQKEFQRYESDH
d1pdz_1d1b66a_,1pdz__h.pdb,1b66_Ac.pdb,PVPAFNVINGGSHAGNKLAMQEFMILPTGATSFTEAMRMGTEVYHHLKAVIKARFGLDATAVGDEGGFAPNILNNKDALDLIQEAIKKAGYTGKIEIGMDVAASEF,LRRRARLSRLVSFSASHRLHSPSLSAEENLKVFGKCNNPNGHGHNYKVVVTIHGEIDPVTGMVMNLTDLKEYMEEAIMKPLDHKNLDLDVPYFADVVSTTENVAVYIWENLQRLLPVGALYKVKVYETDNNIVVYKGE,----PVPAFNVINGGSHAGN-----------------------KLAMQEFMILPTGATS-FTEAMRMGTEVYHHLKAVI-KARFGLDATAVGDEGGFAPNILNNKDALDLIQEAIKKAGYTGKI-EIGMDVAASEF------,LRRRARLSRLV-SFSASHRLHSPSLSAEENLKVFGKCNNPNGHGHNY-KVVVTIHGEIDPVTGMVMNLTDLKEYMEEAIMKPLDHKNLDLDVP--YFADVVSTTENVAVYIWENLQRLLPVGALYKVKVYETDNNIVVYKGE
d1pdz_1d1irum_,1pdz__h.pdb,1iru_Mc.pdb,PVPAFNVINGGSHAGNKLAMQEFMILPTGATSFTEAMRMGTEVYHHLKAVIKARFGLDATAVGDEGGFAPNILNNKDALDLIQEAIKKAGYTGKIEIGMDVAASEF,FSIHTRDSPKCYKLTDKTVIGCSGFHGDCLTLTKIIEARLKMYKHSNNKAMTTGAIAAMLSTILYSRRFFPYYVYNIIGGLDEE,-----PVPAFNVINGGSHAGNKLAMQEFMILPTGATSFTEAMRMGTEVYHHLKAVIKARFGLDATAVGDEGGFAPNILNNKDALDLIQEAIKKAGY-TGKIEIGMDVAASEF,FSIHTRDSPKCYKLTD-------KT-VIGCSG--------FHGDCLTLTKIIEARLKMYKHSNNK-----------AMTTGAIAAMLSTILYSRRFFPYYVYNIIGGLDEE-
d1piea1d1nxha_,1pie_Ah.pdb,1nxh_Ac.pdb,DGELWSNYVKGMIVMLKGAGYEIDPTASGLSSSASLELLVGVVLDDLFNLNVPRLELVQLGQKTENDYIGVNSG,REYSEALSEGRRRLHEILRSEGELMRLMKRRILESYRWQEDVVKPLSRELEIDVEEFQDILMDKLDMSSLEALHPRFESARPRCIREKLHSDLQLCWLVDVMEIISVDDAEALKDEITELVLAG,DGELWSNYVKGMIVMLKGAGYEID--------------------------------------------------------PTASGLSSSASLELLVG--VVLDDLFNLNVPRLELVQLGQKTENDYIGVNSG,--REYSEALSEGRRRLHEILRS--EGELMRLMKRRILESYRWQEDVVKPLSRELEIDVEEFQDILMDKLDMSSLEALHPRFESARPRCIREKLHSDLQLCWLVDVME-IISVDDAEALKDEITELVLAG---
d1piea1d1q0qa1,1pie_Ah.pdb,1q0q_Ac.pdb,DGELWSNYVKGMIVMLKGAGYEIDPTASGLSSSASLELLVGVVLDDLFNLNVPRLELVQLGQKTENDYIGVNSG,EPQCVDDVLSVDANAREVARKEVMRLASKLSALTFAAPDYDRYPCLKLAMEAFEQGQAATTALNAANEITVAAFLAQQIRFTDIAALNLSVLEKMDMR,-------DGELWSNYVKGMIVMLKGAGYEID-------------------------PTASGLSSSASLELLVGVVLDDLFNLNVPRLELVQLGQKTENDYIGVNSG,EPQCVDDVLSVDANAREVARKEVMRLAS---KLSALTFAAPDYDRYPCLKLAMEAFEQGQAATTALNAANEITVAAFLAQQ--IRFTDIAALNLSVLEKMDMR---
d1pqsa_d1i7la2,1pqs_Aa.pdb,1i7l_Ac.pdb,SEIFTLLVEKVWNFDDLIMAINSKISNTHNNNISPITKIKYQDEDGDFVVLGSDEDWNVAKEMLAENNEKFLNIRLY,PLIEQTYYPNHREMLTLPTFPVVVKIGHAHSGMGKVKVENHYDFQDIASVVALTQTYATAEPFIDAK,--SEIFTL-LVEKVWNFDDLIMAINSKISNTHNNNISPITKIKYQDEDG----DFVVLGSDEDWNVAKEMLAENNEKFLNIRLY----,PLIEQTYYPNHREMLTL--------------------PTFPVVVKIGHAHSGMGKVKVENHYDFQDIASVVALTQT-YATAEPFIDAK
d1pqsa_d1poh__,1pqs_Aa.pdb,1poh__c.pdb,SEIFTLLVEKVWNFDDLIMAINSKISNTHNNNISPITKIKYQDEDGDFVVLGSDEDWNVAKEMLAENNEKFLNIRLY,MFQQEVTITAPNGLHTRPAAQFVKEAKGFTSEITVTSNGKSASAKSLFKLQTLGLTQGTVVTISAEGEDEQKAVEHLVKLMAELE,SEIFTLLVEKV-----WNFDDLIMAINSKISNTHNNNISPITKIKYQDEDGDFVVLGSDEDWNVAKEMLAENNEKFLNIRLY-------------------,MFQQEVTITAPNGLHTRPAAQFVKEAKGFT-----------SEITVTSN-GKSASAKSLFKLQTLGLTQ----GTVVTISAEGEDEQKAVEHLVKLMAELE
d1ps6a_d1f9za_,1ps6_Ai.pdb,1f9z_Ac.pdb,EFAALITGPVHKFTGHTEFFEERSQAKKVVMMLATERGVNITLGLPFIRTSVDHGT,MRLLHTMLRVGDLQRSIDFYTKVLGMKLLRTSENPEYKYSLAFVGYGPETEEAVIELTYNWGVDKYELG,---EFAALITGPVHKFTGHTEFFEERSQAKKVVMMLATERGVNITLG--------LPFIRTSVDHGT-----,MRLLHTMLRVGDLQ---RSIDFYTKVLGMKLLRTSENPEYKYSLAFVGYGPETEEAVIELTYNWGVDKYELG
d1qd1b1d1itwa_,1qd1_Bh.pdb,1itw_Ac.pdb,PRMGALDVCPFIPVRGVTMDECVRCAQAFGQRLAEELGVPVYLYGEAARTAGRQSLPALRAGEYEALPEKLKQAEWAPDFGPSAFVPSWGATVAGARK,SADSKSHVAHMDNGDFYGSEKAALIGAPGSVKIELIAKDGSSTVLKAKTSVQAGEIIDSSVMSKNALRNFIAAEIEDAKKQGVLLSVHLKATMMKVSDPIMFGQIVSEFYKDALTKHAEVLKQIGFDVNNGIGDLYARIKTLPEAKQKEIEADIQAVYAQRPQLAMVNSDKGITNLHVPSDVIVDASMPAMIRDSGKMWGPDGKLHDTKAVIPD,PRMGALDVCPFIPVR--------------------------------------------GVTMDECVRCAQAFGQRLAEELGVPVYLYGEAAR----------------------------------------------------------------------------------------TAGRQSLPALRAGEYEALPEKLKQAEWAPDFGPSAFVPSWGATVAGARK,SADSKSHVAHMDNGDFYGSEKAALIGAPGSVKIELIAKDGSSTVLKAKTSVQAGEIIDSSVMSKNALRNFIAAEIEDAKKQGVLLSVHLKATMMKVSDPIMFGQIVSEFYKDALTKHAEVLKQIGFDVNNGIGDLYARIKTLPEAKQKEIEADIQAVYAQRPQLAMVNSDKGITNLHVPSDVIVDASMPAMIRDSGK---------------MWGPDGKLHDTKAVIPD-
d1qd1b1d1n62c2,1qd1_Bh.pdb,1n62_Cc.pdb,PRMGALDVCPFIPVRGVTMDECVRCAQAFGQRLAEELGVPVYLYGEAARTAGRQSLPALRAGEYEALPEKLKQAEWAPDFGPSAFVPSWGATVAGARK,MIPGSFDYHRPKSIADAVALLTKLGEDARPLAGGHSLIPIMKTRLATPEHLVDLRDIGDLV,PRMGALDVCPFIPVRGVTMDECVRCAQAFGQRLAEELGVPVYLYGEAARTAGRQSLPALRAGEYEALPEKLKQAEWAPDFGPSAFVPSWGATVAGARK-----,MIPGSFDYHRPK---------SIADAVALLTKLGE----DARPLA---------GGHSLIPIMKTRLA--------------------TPEHLVDLRDIGDLV
d1qh4a2d1ekga_,1qh4_Ah.pdb,1ekg_Ac.pdb,IRGFCLPPHCSRGERRAIEKLSVEALGSLGGDLKGKYYALRNMMARDWPDARGIWHNDNKTFLVWINEEDHLRVISMQKGGNMKEVFTRFCTGLTQIETLFKSKNY,LDETTYERLAEETLDSLAEFFEDLADKPYTFEDYDVSFGSGVLTVKLGGDLGTYVINKQTPNKQIWLSSPSSGPKRYDWTGKNWVYSHDGVSLHELLAAELTKALKTKLDLSSLAYSGK,IRGFCLPPHCSRGERRAIEKLSVEALGSLGGD----LKGKYYALRNMMARDWPDARGIWHNDNKTFLVWINEE-----DHLRVISMQKGGNMKEVFTRFCTGLTQIETLFKSKNY------------------,-----LDETTYERLAEETLDSLAEFFEDLADKPYTFEDYDVSFGS---------GVLTVKLGGDLGTYVINKQTPNKQIWLSSPSSGPKRYDWTGKNWVYSHDGVSLHELLAAELTKALKTKLDLSSLAYSGK
d1qnia1d1k4za_,1qni_Ah.pdb,1k4z_Ac.pdb,VTLESDNKVIRDGNKVRVYMTSVAPQYGMTDFKVKEGDEVTVYITNLDMVEDVCHALHMEMVGRMLVEAA,MPPRKELVGNKWFIENYENETESLVIDANKDESIFIGKCSQVLVQIKGKVNAISLSETESCSVVLDSSISGMDVIKSNKFGIQVNHSLPQISIDKSDGGNIYLSKESLNTEIYTSCSTAINVNLPIGEDDDYVEFPIPEQMKHSFADGKFKSAVFEH,VTLESDNKVIRDGNKVRVYMTSVAPQYGMTDFKVK--EGDEVTVYITNLDMVEDVCHALHMEMVGRMLVEAA------------------------------------------------------------------------------------------------------------,----MPPRKELVGNKWFIENYE----NETESLVIDANKDESIFIGKC---------------SQVLVQIKGKVNAISLSETESCSVVLDSSISGMDVIKSNKFGIQVNHSLPQISIDKSDGGNIYLSKESLNTEIYTSCSTAINVNLPIGEDDDYVEFPIPEQMKHSFADGKFKSAVFEH
d1qo0d_d1hjp_1,1qo0_Di.pdb,1hjp__c.pdb,EYESPAVLSQIIELECSANSLLGSLRELQPLDAHRVLPVLVSARRISEEMA,DAEQEAVAALVALGYKPQEASRMVSKIARPDASSETLIREALRAAL,EYESPAVLSQIIELEC----SANSLLGSLRELQPLDAHRVLPVLVSARRISEEMA,--DAEQEAVAALVALGYKPQEASRMVSKIARP--DASSETLIREALRAAL-----
d1qysa_d1i7b.1,1qys_Aa.pdb,1i7b_Ac.pdb,DIQVQVNIDDNGKNFDYTYTVTTESELQKVLNELMDYIKKQGAKRVRISITARTKKEAEKFAAILIKVFAELGYNDINVTFDGDTVTVEGQL,AHFFEGTEKLLEVWFSRQQPKRRFILKTCGTTLLLKALVPLLKLARDYSGFDSIQSFFYSRKNFMKPSHQGYPHRNFQEEIEFLNAIFPNGAGYCMGRMNSDCWYLYTLDFPE,-----DIQVQVNIDDN----GKNFDYTYTVTTESELQKVLNELMDYIKKQG-------AKRVRISITARTKKE----AEKFAAILIKVFAELGYNDINVTFDG-----DTVTVEGQL--,AHFFEGTEKLLEVWFSRQQPKRRFILKTCG-----TTLLLKALVPLLKLARDYSGFDSIQSFFYSRKNFMKPSHQGYPHRNFQEEIEFLNAI-FPNGAGYCMGRMNSDCWYLYTLDFPE
d1r2ja2d1ecmb_,1r2j_Ai.pdb,1ecm_Bc.pdb,GLGLGSRENGEFTAHVGSLCSSLRSVMTSQGMAAWTVQRLGLAGSGASLPMLVAASLAYGRKSVAWGCVGILRACRTAAVAHARTR,PLLALREKISALDEKLLALLAERRELAVEVGKAKLLSHRPVRDIDRERDLLERLITLGKAHHLDAHYITRLFQLIIEDSVLTQQALLQQHLNKIN,--------------GLGLGSRENGEFTAHVGSL---------CSSLRSVMTSQGMAAWTVQRLGLAGSGASLPMLVAASLAYGRKSVAWGCVGILRACRTAAVAHARTR,PLLALREKISALDEKLLALLAERRELAVEVGKAKLLSHRPVRDIDRERDLLERLITLGKAHH----------LDAHYITRLFQLIIEDSVLTQQALLQQHLNKIN----
d1rwha2d1n67a2,1rwh_Ai.pdb,1n67_Ah.pdb,EGQWGAAVPADEWSGATALGEVAAVGQHLVGPGRTGLTARKSWFVSGDVTVCLGADISTASGAKVEGNKYSVIRNDATAQSVEFKTAKTTAATFWKPGMAGDLGASGPACVVFSRHGNELSLAVSEPTQKAAG,EKYGKFYNLSIKGTIDQIDKTNNTYRQTIYVNPSGDNVIAPVLTGNLKPNTDSNALIDQQNTSIKVYKVDNAADLSESYFVNPENFEDVTNSVNITFPNPNQYKVEFNTPDDQITTPYIVVVNGHIDPNSKGDLALRSTLYGYNSNIIWRSMSWDNEVAFNNGSGSGDGIDKPVVPEQPDEPGEIEPIPEK,EGQWGAAVPADEWSGATALGEVAAVGQH-LVGPGRTGLTARKSWFVSG--------------------------------------------------------------------------------DVTVCLGADISTASGAKVEGNKYSVIRNDATAQSVEFK---TAKTTAATFWKPGMAG--DLGASGPACVVFSRHGNELSLAVSEPTQKAAG,-------------EKYGKFYNLSIKGTIDQIDK-TNNTYRQTIYVNPSGDNVIAPVLTGNLKPNTDSNALIDQQNTSIKVYKVDNAADLSESYFVNPENFEDVTNSVNITFPNPNQYKVEFNTPDDQITTPYIVVV-NGHIDPNS--------KGDLALRSTLYGYNSNIIWRSMSWDNEVAFNNGSGSGDGIDKPVVPEQPDEPGEIEPIPEK-----
d1slca_d1sq9a_,1slc_Ah.pdb,1sq9_Ac.pdb,AADAKSFLLNLGKDDNNLCLHFNPRFNAHGDVNTIVCNSKDAGAWGAEQRESAFPFQPGSVVEVCISFNQTDLTIKLPDGYEFKFPNRLNLE,GEFAHSSWVMSLSFNDSGETLCSAGWDGKLRFWDVKTKERITTLNMHCDDIEIEEDILAVDEHGDSLAEPGVFDVKFLKKGWRSGMGADLNESLCCVCLDRSIRWFREAG,-AADAKSFL-LNLGK-DDNNLCLHFNPRFNAHGDVNTIVCNSKD--AGAWGAEQRESAFPFQP-------------GSVVEV-CISFNQ------------TDLTIKLPDGYEFKFPNRLNLE,GEFAHSSWVMSLSFNDSGETL-CSAGW---------DGKLRFWDVKTKERITTLNMHCDDIEIEEDILAVDEHGDSLAEPGVFDVKFLKKGWRSGMGADLNESLCCVCLDRSIRWFREAG---
d1smta_d1b7ta4,1smt_Ai.pdb,1b7t_Ac.pdb,IAPEVAQSLAEFFAVLADPNRLRLLSLLARSEQLQDHHIVALYQNALDHLQECIAPEVAQSLAEFFAVLADPNRLRLLSLLARSEQLQDHHIVALYQNALDHLQE,DDVEEFKLCDEAFDILGFTKEEKQSMFKCTASILHMGEMKFKQAESDGTAEAEKVAFLCGINAGDLLKALLKPKVTKGQNMNQVVNSVGALAKSLYDRMFNWLVRRVNKTLDTKAKRNITGWLEKNKDPINENVVALLGASKEPLVAELFKA,-----------------------IAPEVAQSLAEFFAVLADPNRLRLLSLLARSE--------------QLQDHHIVALYQNALDHLQEC-IAPEVAQSLAEFFAVLADPNRLRLLSLLARSE--------------------QLQDHHIVALYQNALDHLQE-----,DDVEEFKLCDEAFDILGFTKEEKQSMFKCTASILHMGEMKFK-------------QAESDGTAEAEKVAFLCGINAGDLLKALLKPK---VTKGQNMNQVVNSVGALAKSLYDRMFNWLVRRVNKTLDTKAKRNITGWLEKNKDPINENVVALLGASKEPLVAELFKA
d1st6a2d1jqna_,1st6_Ai.pdb,1jqn_Ac.pdb,THQEHRVMLVNSMNTVKELLPVLISAMKIFVTTKNTKSQGIEEALKNRNFTVEKMSAEINEIIRVLQLTSWTANKTTVEGIQATVKSARELTPQVVSAARILLRNPGNQAAYEHFETMKNQWIDNVEKMTGLVDEAI,NPNVTADITRHVLLLSRWKATDLFLKDIQVLVSELSMVEATPELLALVGEEGAAEPYRYLMKNLRSRLMATQAWLEARLKGEELPKPEGLLTQNEELWEPLYACYQSLQACGMGIIANGDLLDTLRRVKCFGVPLV,------THQEHRVMLVNSMNTVKELLPVLISAMKIFVTTKN-------TKSQGIEEALKNRNFTVEKMSAEINEIIRVLQLTSW-TANKTTVEGIQATVKSARELTPQVVSAARILLRNPGNQAAYEHFETMKNQWIDNVEKMTGLVDEAI,NPNVTADITRHVLLLSRWKATDLFLKDIQVLVSELSMVEATPELLALVGEEGAAEPYRYLMKNLRSRLMATQAWLEARLKGEELP-------KPEGLLTQNEELWEPLYACYQSLQACGM-GIIANGDLLDTLRRVKCFGVPLV-------
d1st6a8d1gvna_,1st6_Ah.pdb,1gvn_Ac.pdb,PPPPEEKDEEFPEQKAGEAINQPMMMAARQLHDEARKWSSKGNDIIAAAKRMALLMAEMSRLVRGGSGGRTNISDEESEQATEMLVHNAQNLMQSVKETVREAEAASIKIRTDAGFTLRWVRKTPWY,VTYEKTFEIEIINELSASVYNRVLNYVLNHELNKNDSQLLEVNLLNQLKLAKRVNLFDYSLEELQAVHEYWRSMNRYSKQVLNKEKV,PPPPEEKDEEFPEQKAGEAINQPMMMAARQLHDEARKWSSKGNDIIAAAKRMALLMAEMSRLVRGGSGGRTNISDEESEQATEMLVHNAQNLMQSVKETVREAEAASIKIRTDAGFTLRWVRKTPWY,--------VTYEKTFEIEIINELSASVYNRVLNYVLNHELNKNDSQLLEVNLLNQLKLAKRVNLFD-------YSLEELQAVHEYWRSMNRYSKQVLNKEKV-------------------------
d1st6a8d1r5id_,1st6_Ah.pdb,1r5i_Dc.pdb,PPPPEEKDEEFPEQKAGEAINQPMMMAARQLHDEARKWSSKGNDIIAAAKRMALLMAEMSRLVRGGSGGRTNISDEESEQATEMLVHNAQNLMQSVKETVREAEAASIKIRTDAGFTLRWVRKTPWY,MKLRVENPKKAQKHFVQNLNNVVFTNKELEDIYNLSNKEETKEVLKLFKLKVNQFYRHAFGIVNDYNGLLEYKEIFNMMFLKLSVVFDTQRKEANNVEQIKRNIAILDEIMAKADNDLSYFISQNKNF,------------------------PPPPEEKDEEFPEQKAGEAINQPMMMAARQLHDEARKWSS------KGNDIIAAAKRMALLMAEMSRLVRGGSGGRTNISDEESEQATEMLVHNAQNLMQSVKETVREAEAASIKIRTDAGFTLRWVRKTPWY,MKLRVENPKKAQKHFVQNLNNVVFTNKELEDIYNLSNKEETKEVLKLFKLKVNQFYRHAFGIVNDYNGLLEYKEIFNMMFLKLSVVFDTQRKEA----------------NNVEQIKRNIAILDEIMAKADNDLSYFISQNKNF-------------
d1tv8a_d1nbwb_,1tv8_Ah.pdb,1nbw_Bc.pdb,IRDLRLSVTDRCNFRCDYCMPKEVFGDDFVFLPKNELLTFDEMARIAKVYAELGVTRARLSSDGKFYGCLFATVDGFNVKAFIRSGVTDEELKEQFKALWQIRDD,PPGVRLFYDPRGHHAGAINELCWGLEEQGVPCQTITYDGGGDAAALGALAARSSPLRVGIGLSASGEIALTHAQLPADAPLATGHVTDSDDQLRTLGANAGQLVKVLPLSERN,IRDLRLSVTDRCNFRCDYCMPKEVFGDDFVFLPKNELLTFDEMARIAKVYAELGV-------------------------TRARLSS----DGKFYGCLFAT--VDGFNVKAFIRSGVTDEELKEQFKALWQIRDD-------,PPGVRLFYDPR-------------------------GHHAGAINELCWGLEEQGVPCQTITYDGGGDAAALGALAARSSPLRVGIGLSASGEIALT-HAQLPADAPLATGH----VTDSDDQLRTLGANAGQLVKVLPLSERN
d1tv8a_d1t3ea3,1tv8_Ah.pdb,1t3e_Ac.pdb,LNVKVNVVIQKGINDDQIIPMLEYFKDKHIEIRFIEFMDVGNDNGWDFSKVVTKDEMLTMIEQHFEIDPVEPKYFGEVAKYYRHKDNGVQFGLITSVSQS,PVVAVMSTGNELLNPEDDLLPGKIRDSNRSTLLATIQEHGYPTINLGIVGDNPDDLLNALNEGISRADVIITSGGVDYLKQVLDIDLHAQIHFGRVFMKPGLPTTFATLDIDGVRKIIFALPGNPVSAVVTCNLFVVPALRKMQGILDPR,LNVKVNVVIQKG---------------------------------------INDDQIIPMLEYFKDKHIEIRFIEFMDVGNDNGWDFSKVVTKDEMLTMIEQHFEIDPVEPKYF---GEVAKYYRHKD--NGVQFGLITSVSQS-----------------------,-PVVAVMSTGNELLNPEDDLLPGKIRDSNRSTLLATIQEHGYPTINLGIVGDNPDDLLNALNEGISRADVIITSGGV----------------DYLKQVLDIDLHAQIHFGRVFMKPGLPTTFATLDIDGVRKIIFALPGNPVSAVVTCNLFVVPALRKMQGILDPR
d1ukfa_d1gsa_2,1ukf_Ah.pdb,1gsa__c.pdb,GFSLRREPKTVHASGGSAQLGQTVAHDVAQSGRKHLLSLRFANVQGHAIACSCEGSQFKLFDPNLGEFQSSRSAAPQLIKGLIDHYNSLNYDVACVNEFRVSV,NEKLFTAWFSDLTPETLVTRNKAQLKAFWEKHSDIILKPLDGMGGASIFRVKEGDPNLGVIAETLTEHGTRYCMAQNYLPAIKD,--------GFSLRREPKTVHASGGSAQLGQTVAHDVAQSGRKHLLSLRFANVQGHAIACSCEGSQFKLFDPNLGEFQSSRSAAPQLIKGLIDHYNSLNYDVACVNEFRVSV----,NEKLFTAWFSDLTPETLVTR-------NKAQLKAFWEKH-SDIILKPLDGMGGASIFRVKE----GD-----------------PNLGVIAETLTEH--GTRYCMAQNYLPAIKD
d1uoua1d1fs1b1,1uou_Ah.pdb,1fs1_Bc.pdb,SAQGAQIGAMLMAIRLRGMDLEETSVLTQALAQSGQQLEWQSEQLVPADGILYAARDVTATVDSLPLITASILSKKLVEGL,DPVPLPNVNAAILKKVIQWCTHHKDDPVWDQEFLKVDQGTLFELILAANYLDIKGLLDVTCKTVANMIKGKTPEEIRKTFN,--------SAQGAQIGAMLMAIRLRGMDLEETSVLTQALAQSGQQLEWQSEQLVPADGILYAARDVTATVDSLPLITASILSKKLVEGL-----------,DPVPLPNVNAAILKKVIQWCTHHKDD-----PVWDQEFLKV-----------DQGTLFELILAANYLD---IKGLLDVTCKTVANMIKGKTPEEIRKTFN
d1ur3m_d1k87a1,1ur3_Mh.pdb,1k87_Ac.pdb,GRLFNDDYFQPLRDELAVVAEELNAGSIEQVVNAWVLRLPSSGKIERVRAAVEAETLKMTRQQWFRIRKAALGYDV,QKNASGRAGMVQGLLQEFSLSSQEGVALMCLAEALLRIPDKATRDALIRDKISNGNRSPSLFVNAATWGLLFTGNEASLSRSLNRIIGKSGEPLIRKGVDMAMRLMGEQFVT,GRLFNDDYFQPLRDELAVVAEELNAGSIEQVVNAWVLRLPS---------------------------------------SGKIERVRAAVE-AETLK------MTRQQWFRIRKAALGYDV-,-----QKNASGRAGMVQGLLQEFSL-SSQEGVALMCLAEALLRIPDKATRDALIRDKISNGNRSPSLFVNAATWGLLFTG-----NEASLSRSLNRIIGKSGEPLIRKGVDMAMRLMGEQFVT
d1uw1a_d1q9ua_,1uw1_Aa.pdb,1q9u_Ac.pdb,DDKKTNWLKRIYRVRPCVKCKVAPRNWKVKNKHLRIYNMCKTCFNNSIDIGDDTYHGHDDWLMYADS,MFHYTVDVSTGMNETIERLEESLKQEGFGVLWQFSVTEKLQEKGLDFSTPMVILEVCNPQEAARVLNENLLVGYFLPCKLVVYQENGTTKIGMPKPTMLVGMMNDPALKEIAADIEKRLAACLDRCR,--------DDKKTNWLKRIYRVRPCVKCKVAPRNWKVKN------------KHLRIYNMCKTCFNNSIDIG---DDTYHGHDDWLMYADS---------------------------------------,MFHYTVDVSTGMNETIERLEESLKQ--EGFGVLWQFSVTEKLQEKGLDFSTPMVILEVCNPQEAARVLNENLLVGYFLPCKLVVYQENGTTKIGMPKPTMLVGMMNDPALKEIAADIEKRLAACLDRCR
d1uyra1d1vkka_,1uyr_Ah.pdb,1vkk_Ac.pdb,DVKLTDDFFISNELIEDENGELTEVEREPGANAIGMVAFKITVKTPEYPRGRQFVVVANDITFKIGSFGPQEDEFFNKVTEYARKRGIPRIYLAANSGARDDLAGVEKIVEWMSYVPAKRNMP,VVCEVDPELKETLRKFRFRKETNNAAIIMKVDKDRQMVVLEDELQNISPEELKLELPERQPRFVVYSYKYVHDDGRVSYPLCFIFSSPVGCKPEQQMMYAGSKNRLVQTAELTKVFEIRTTDDLTETWLKEKLAFFR,---------------DVKLTDDFFISNELIEDE-NGELTEVEREP---------GANAIGMVAFKITVKTPEY---PRGRQFVVVANDITFKIGSFGPQEDEFFNKVTEYARKRGI-PRIYLAANSGAR-DDLAGVEKIVEWMSYVPAKRNMP,VVCEVDPELKETLRKFRFRKETNNAAIIMKVDKDRQMVVLEDELQNISPEELKLELPERQPRFVVYSYKYVHDDGRVSYPLCFIFSSPVGCK----PEQQMMYAGSKNRLVQTAELTKVFEIRTTD---DLTETWLKEKLAFFR---------
d1uyrb1d1a79a1,1uyr_Bh.pdb,1a79_Ac.pdb,ATPYPVKEWLQPKRYKAHLMGTTYVYDFPELFRQASSSQWKNFSADVKLTDDFFISNELIEDENGELTEVEREPGANAIGMVAFKITVKTPEYPRGRQFVVVANDITFKIGSFGPQEDEFFNKVTEYARKRGIPRIYLAANSGAR,ERLCLKYLVYKDLRTRGYIVKTGLKYGADFRLYERGANIDKEHSVYLVKVFPEDSSFLLSELTGFVRVAHSVRKKLLIAIVDADGDIVYYNMTYVKP,ATPYPVKEWLQPKRYKAHLMGTTYVYDFPELFRQASSSQWKNFSADVKLTDDFFISNELIEDENGELTEVEREPGANAIGMVAFKITVKTPEYPRGRQ-FVVVANDITFKIGSFGPQEDEFFNKVTEYARKRGIPRIYLAANSGAR-----------,-------------------ERLCLKYLVYKDLRTRG-----------------YIVKTGLK------------------YGADFRLYERGANIDKEHSVYLVKVFPEDS---SFL---LSELTGFVRVAHSVRKKLLIAIVDADGDIVYYNMTYVKP
d1vaoa2d1no5a_,1vao_Ah.pdb,1no5_Ac.pdb,EFRPLTLPPKLSLSDFNEFIQDIIRIVGSENVEVISASAIVAPRNVADVQSIVGLANKFSFGSVVLDM,QLDIKSEELAIVKTILQQLVPDYTVWAFGSRVKGKAKKYSDLDLAIISEEPLDFLARDRLKEAFSESDLPWRVDLLDWATTSEDFREIIRKVYVVIQEKE,EFRPLTLPPKLSLSDFNEFIQDIIRIVGSENVEVIS------------ASAIVAPRNVADVQSIVGLANKFSF------GSVVLDM---------------------,-------QLDIKSEELAIVKTILQQLVPDYTVWAFGSRVKGKAKKYSDLDLAIISEEPLDFLARDRLKEAFSESDLPWRVDLLDWATTSEDFREIIRKVYVVIQEKE
d1vk3a3d1lbu_2,1vk3_Ah.pdb,1lbu__h.pdb,KASRPGQVIVIFGGATGRDGAGGVLSATSELVAKGNLGAIVHLDRVPLRLFGDVVAEVIEEPVYRVMYR,GHAADLGAGSQGFCALAQAARNHGFTEILGPGYPGHNDHTHVAGGDGRFWSAPSCGI,KASRPGQVIVIFGGATGRDGAGGVLSATSELVAKGNL-GAIVHLDRVPLRLFGDVVAEVIE--EPVYRVMYR--,---GHAADLGAGS---------QGFCALAQAARNHGFTEILGPGY-----PGHNDHTHVAGGDGRFWSAPSCGI
d1vk3a3d1w2ia_,1vk3_Ah.pdb,1w2i_Ah.pdb,KASRPGQVIVIFGGATGRDGAGGVLSATSELVAKGNLGAIVHLDRVPLRLFGDVVAEVIEEPVYRVMYR,AIVRAHLKIYGRVQGVGFRWSMQREARKLGVNGWVRNLPDGSVEAVLEGDEERVEALIGWAHQGPPLARVTRVEVKWEQPKGEKGFRIVG,KASRPGQVIVIFGGATGRDGAGGVLSATSELVAKGNLGAIVHLDRVPLRLFGDVVAEVIEE---------------------------------PVYRVMYR,--AIVRAHLKIYGRVQG----VGFRWSMQREARKLGVNGWVRNLP----DGSVE-AVLEGDEERVEALIGWAHQGPPLARVTRVEVKWEQPKGEKGFRIVG-
d2csta_d1j4wa1,2cst_Ah.pdb,1j4w_Ac.pdb,LGLPEFRANASRIALGDDSPAIAQKRVGSVQGLGGTGALRIGAEFLRRWYNGFELFCAQSFSKNFGLYNERVGNLSVVGKDEDNVQRVLSQMEKIVRTTWSNP,GSHMIDVPIPRFAVGIVIGRNGEMIKKIQNDAGVRIQFKPDDGTTPERIAQITGPPDRAQHAAEIITDLLRSVQ,LGLPEFRANASRIALGDDSPAIAQKRVGSVQGLGGTGALRIGA-----EFLRRWYN--GFELFCAQSFSKNFGLYNERVGNLSVVGKDEDNVQRVLSQMEKIVRTTWSNP,-----------------------GSHMIDVPIPR--FAVGIVIGRNGEMIKKIQNDAG--VRIQFKPDDG-----TTPERIAQITG-PPDRAQHAAEIITDLLRSVQ---
d2gaw.1d1nppa1,2gaw_Bh.pdb,1npp_Ac.pdb,NKPIVLSTWNTIGMIALDAQGNLSGACTTSGMAYKMHGRVGDSPIIGAGLFVDNEIGAATATGHKNLKDIQVGFIALNKKGEYGAYCIQDGFNFAVHDQKGNRLETP,EEKVVIRAQGKEKYRLSLKGNARDISVLGKKGVTTFRIENGEVKVVESVEGDTCVNAPPISKPGQKITCKENKTEAKIVLD,NKPIVLSTWN--TI-GMIALDAQGNLSGACTTSGMAYKMHGRVGDSPIIGAGLFVDNEIGAATATGH-KNLKDIQVGFIALNKKGEYGA-YCIQ---------------------DGFNFAVHDQKGNRLETP,--EEKVVIRAQGKEKYRLSLK------------------------------------GNARDISVLGK-----KGVTTFRIE-NGEVKVVESVEGDTCVNAPPISKPGQKITCKENKTEAKIVLD--------
d2onea1d1hz6b_,2one_Ah.pdb,1hz6_Bc.pdb,SPYVLPVPFLNVLNGGSHAGGALALQEFMIAPTGAKTFAEALRIGSEVYHNLKSLTKKRYGASAGNVGDEGGVAPNIQ,EEVTIKANLIFANGSTQTAEFKGTFEKATSEAYAYADTLKKDNGEWTVDVADKGYTLNIKFAG,SPYVLPVPFLNVLNGGSHAGGALALQEFMIAPTGAKTFAEALRIGSEVYHNLKSLTKKRYGASAGNVGD---------EGGVAPNIQ,---EEVTIKANLIFA--------NGSTQTAEFK--GTFEKATSEAYAYADTLKKDN--------GEWTVDVADKGYTLNIKFAG---
d3pmga1d1e8ca1,3pmg_Ah.pdb,1e8c_Ac.pdb,ATLVVGGDGRFYMKEAIQLIVRIAAANGIGRLVIGQGVLGKQQFDLENKFKPFTVEIVDS,RNLRDLLAPWVPDAPSRALREMTLDSRVAAAGDLFVAVVGHQADGRRYIPQAIAQGVAAIIAEAKDEATDGEIREMHGVPVIYLSQLNERLSALAGRFYHE,--------------------------------ATLVVGGDGRFYMKEAIQLIVRIAAANGIGRLVIGQ----GVLGKQQFDLENKFKPFTVEIVDS---------------,RNLRDLLAPWVPDAPSRALREMTLDSRVAAAGDLFVAVVGH----QADGRRYIPQAIAQGVAAIIAEAKDEATDGEIREMH------GVPVIYLSQLNERLSALAGRFYHE
d6mhta_d1vm0b_,6mht_Ah.pdb,1vm0_Bc.pdb,DHDILCAGFPCQAFSISGKQKGFEDSRGTLFFDIARIVREKKPKVVFMENVKNFASHDNGNTLEVVKNTMNELDYSFHAKVLNALDYGIPQKRERIYMICFRNDLN,KNRIQVSNTKKPLFFYVNLAKRYMQQYNDVELSALGMAIATVVTVTEILKNNGFAVEKKIMTSIVDIKDDARGRPVQKAKIEITLVKSEKFDELMAAANEEKE,DHDILCAGFPCQAFSISGKQKGFEDSRGTLFFDIARIVREKK--PKVVFMENVKNFASHDNGNTLEVVKNTMNELD-YSF-HAKVLNALDYG----IPQKRERIYMICFRNDLN------------,---KNRIQVSNT---------------KKPLFFYVNLAKRYMQQYNDVELSALGMAI-----ATVVTVTEILKNNGFAVEKKIMTSIVDIKDDARGRPVQKAKIEITLVKSEKFDELMAAANEEKE
